Customer_ID,Age,Gender,Annual_Income,Spending_Score,Transaction_Amount,Transaction_Frequency,Web_Activity,Product_Views,Time_on_Website
CUST_1,56,Female,132107.282137077,98.7845165838671,1091.53160245297,22,64.5822386286484,22,8.16822807417816
CUST_2,69,Male,143437.681075493,43.3495402398504,487.615632045607,28,63.6902317454743,44,38.4437161327554
CUST_3,46,Male,39119.5525207749,39.0483380688085,127.956544371219,14,34.0604166581292,4,35.3464846470901
CUST_4,32,Female,140456.391270994,68.2850809866139,3213.4377872119,27,7.1711888847651,30,7.98648731137998
CUST_5,60,Male,83975.11810034,22.6071348986413,3039.39924008302,41,40.9628894895232,40,13.5017654959664
CUST_6,25,Male,53571.7704788646,95.0461572110723,2738.02008944321,40,31.1217495063394,5,19.3491471892281
CUST_7,38,Female,79687.648310974,78.8481564271397,1167.41600961872,28,67.7120639735009,36,10.8489331782326
CUST_8,56,Male,147404.234787112,9.85168922891369,1960.62091956852,26,60.577924945269,9,15.3800394689362
CUST_9,36,Male,84040.352219073,42.3404968027079,2976.436912579,49,36.459372819754,39,16.7884471328407
CUST_10,40,Male,62737.7093373761,88.0327124486543,2488.86662570726,2,21.789255425499,6,20.8047561493045
CUST_11,28,Female,102342.111061174,94.5284702068496,4939.04974587229,25,98.8035966155592,38,45.2140367152684
CUST_12,28,Female,51218.9304411651,47.2727496137371,690.834365258098,3,45.4001621196115,37,34.7428200271854
CUST_13,41,Female,29862.2326541263,61.7277275318601,3478.77132469749,8,68.8274235780237,20,59.1885536451327
CUST_14,53,Male,36754.3638483844,17.5363606631155,2027.55065284042,44,14.0552967578361,19,25.4694137910808
CUST_15,57,Male,36645.9590645104,99.1256939875607,2146.71607847882,33,48.5589699659398,2,45.4780393563786
CUST_16,41,Female,39747.3501565983,23.9354984369609,3590.8128506343,42,2.75367198694655,21,52.4166368612155
CUST_17,20,Male,38047.5324444233,94.3304456393775,3465.2563951086,35,50.545511791045,46,41.0597310892445
CUST_18,39,Male,103313.716824418,65.3150182502445,4956.36740857392,6,96.4017407117702,3,25.3000196846323
CUST_19,19,Female,43644.4109718888,61.1659426930071,650.687504376085,39,38.42067129858,27,45.4620832139994
CUST_20,41,Female,64936.7468321022,51.7561625906343,529.50715042699,23,3.89960125749116,11,13.0163611285884
CUST_21,61,Male,136582.493287782,23.8363113600581,3624.45069747242,25,3.09557909193435,37,20.3255777456278
CUST_22,47,Male,81615.0132341734,18.4762751685453,2896.15071586198,43,38.7986759946869,35,33.254430050858
CUST_23,55,Male,106782.506007734,22.8281346979474,1378.06172613343,19,16.0024936463194,46,34.9491538498827
CUST_24,19,Female,42401.5832562119,19.4573879522812,406.302651255043,5,2.33520963281859,40,2.30634705288514
CUST_25,38,Female,44997.5724451272,78.1788628831086,437.434665486188,11,75.6213613950177,4,56.7617371366045
CUST_26,50,Female,25312.9201146423,35.6624006575063,4472.01246457395,12,45.8523008881891,12,42.101009001826
CUST_27,29,Female,41961.5581993814,6.72642497977624,967.417950346527,10,28.9244771972655,22,30.2465212636816
CUST_28,39,Male,56216.7440741546,96.9411603839403,1623.62409495645,8,90.0083183016481,49,56.0545068300902
CUST_29,61,Female,43011.3629559771,88.4948026113791,1141.01544711267,24,11.6138960200526,29,26.9066383497989
CUST_30,42,Female,31531.3293884172,92.8474760363261,1781.43156610137,28,95.5918828955319,36,58.8456986459519
CUST_31,66,Female,35682.6632430781,99.4958744419971,356.424975303006,41,31.3966717377353,24,31.2248006773656
CUST_32,44,Female,79901.2398442544,18.2156296727292,2600.10835663227,36,88.8403672308681,47,7.74286042988079
CUST_33,59,Female,46823.383392753,40.2279598713632,347.386692325152,37,60.2942876479462,26,46.1232573750974
CUST_34,45,Male,67355.0819362498,76.065609094705,4003.77897403358,21,82.6707359741488,13,41.0549657795926
CUST_35,33,Male,85444.2452111314,69.9060411873254,1176.22328873306,8,98.4013163210464,47,46.6062165570296
CUST_36,32,Female,109751.327721817,16.2356947276457,2704.65945387651,9,28.8405437818746,46,57.1350796948152
CUST_37,64,Male,25110.5781793429,81.7674793740712,4401.59464693168,47,96.1135485407593,35,46.8128688564101
CUST_38,68,Female,123923.351858176,23.2196166118294,3257.8780715455,15,38.948189490242,38,37.0688595307822
CUST_39,61,Female,101627.050633818,23.1579438674397,2669.45935489116,48,38.5511904736922,15,51.5812252392896
CUST_40,69,Male,30628.6741533533,54.1604678664479,1628.42542804572,46,34.0387104254506,21,40.7215399219174
CUST_41,20,Male,133565.221133881,59.7010535493286,1671.67954616041,40,54.1407607347585,20,25.0790243527295
CUST_42,54,Female,139713.412069136,58.4285345759433,3350.73990643897,18,15.4145043178487,20,53.2515660902646
CUST_43,68,Female,27940.1347811323,10.0571969023777,4970.75541249363,42,55.3711485358011,7,14.092127186278
CUST_44,24,Female,55994.0942591365,87.8686254004077,3312.5775573484,20,54.1704812410004,48,43.1638352196147
CUST_45,38,Male,124806.166373098,27.2944042162819,2793.33925267642,6,76.190181260487,15,53.0122438415047
CUST_46,26,Female,117273.759749876,13.8219772069976,3655.94604609384,12,83.3649961937586,30,44.1476746624945
CUST_47,56,Female,43987.7325163291,88.9860599070287,2331.37600529575,2,44.0441350312424,41,42.1392497241776
CUST_48,35,Female,47215.4120337723,95.6094983247456,310.110289577918,7,30.2333249351494,9,45.4056593502383
CUST_49,21,Male,68161.3733628797,86.3506341092796,2815.86111123077,16,25.9334897317094,31,28.438259649738
CUST_50,42,Female,82987.9880748328,81.1420913977629,4788.55016968185,3,19.4623836704872,33,52.5760702472645
CUST_51,31,Female,100373.120298938,65.8689560832632,884.761682364722,45,5.76475821990249,8,13.0027520330294
CUST_52,67,Male,67958.7731440704,55.5348796903048,3453.12440519512,3,34.2447978834713,16,8.51579854402002
CUST_53,26,Female,80129.5130973092,9.6116892312296,1012.65910640869,27,27.0247692130783,10,17.8450180269922
CUST_54,43,Female,117171.221957388,41.4368680939992,2683.78014552068,43,96.6417385866408,31,32.3630664097246
CUST_55,19,Male,24768.8163757777,37.8961631842191,492.415483737131,40,55.7708826250044,9,31.1231459291509
CUST_56,37,Female,52816.8027647227,26.7156245922723,2257.35097192834,38,34.7277039030507,21,49.4153267029186
CUST_57,45,Male,112735.446164992,72.6185912551699,3783.25501118728,33,58.0467600993696,16,24.869550727837
CUST_58,64,Male,136376.888899336,50.0916977727983,1744.38190595252,28,13.9196701345696,3,29.576321151199
CUST_59,24,Female,86518.0674750366,9.02357537485715,3327.90950519122,1,44.4043749202203,47,1.78869331230434
CUST_60,61,Female,89174.753084491,22.7981369930313,3979.29530434075,8,62.6234321421064,46,25.1746149501334
CUST_61,25,Female,33932.3614741709,68.6426176023,4636.61731920247,37,48.8897831792451,24,39.2186797440702
CUST_62,64,Female,78163.6076870491,8.53695508953972,1180.86398845871,32,40.1778800654324,20,1.91499150696894
CUST_63,52,Male,89240.244639153,85.2694844908281,2002.58641988845,48,99.3848388899698,36,17.5720359459884
CUST_64,31,Female,51521.1654725149,50.0195061743835,770.555906518783,43,88.0314762148927,37,13.269425198074
CUST_65,34,Male,55001.6200234195,48.5780711553382,4962.49267577029,37,62.340595815944,48,3.47714030566571
CUST_66,53,Female,69046.9412036009,59.6483706812922,4635.73482994223,4,56.9377361182283,0,29.2763453049577
CUST_67,67,Female,22609.2557111044,82.6434156265898,2704.38608009999,30,62.0660479824584,24,11.7216743004612
CUST_68,57,Female,61870.2915258132,35.4331115823171,4211.74613893834,6,20.1312107822433,35,44.8418108382514
CUST_69,21,Male,47488.2409095508,68.1235991033473,2609.58030658749,46,39.5137743264319,16,51.0277451420376
CUST_70,19,Female,62574.6557831289,57.0074644355833,3121.69258313377,19,3.94595328908993,40,33.1895257774797
CUST_71,23,Female,35569.0771365027,27.4357987467727,454.730916258923,32,47.5546037486827,23,58.9207332087474
CUST_72,59,Female,135768.546496186,87.9843686491607,3778.79939827907,9,54.3024583957663,1,27.5782357167651
CUST_73,21,Female,97167.0189620263,79.9451761390859,647.290283339822,12,22.774973610321,39,31.28872440327
CUST_74,46,Male,108283.301488784,66.1867316311841,4132.07747496012,11,96.4028847165514,14,59.3638474835073
CUST_75,35,Female,122592.261018954,85.20759118033,3912.32015747523,46,90.9454610937242,31,14.6613577219379
CUST_76,43,Male,84797.4858607774,86.8621258950205,3546.63604173745,16,72.2143235455906,38,56.6102104409374
CUST_77,61,Male,31299.6374513651,71.1279346947885,190.440298818563,1,53.3386628765363,5,3.52741575202768
CUST_78,51,Male,89823.8504364112,83.8643195080035,1522.61049616719,45,86.9969159647685,0,27.3368265255285
CUST_79,27,Male,96289.3453427143,70.0496747052591,1322.93172385511,21,13.0652343823463,46,5.13020721585088
CUST_80,53,Male,116907.131643963,68.3339364042697,1807.08067328288,30,79.0509794274885,22,44.0248498319049
CUST_81,31,Male,76115.7410098583,62.2425264433033,447.337306351554,13,12.4820813966848,38,36.896127216921
CUST_82,48,Female,36585.4393634233,75.5189473162065,4685.419536925,34,79.4210662549405,16,42.6914215445882
CUST_83,65,Male,56890.8677538342,16.7019054240143,2773.47318115476,4,27.5767568251357,33,23.094343598113
CUST_84,32,Male,67200.6985318226,88.2062051606939,1534.56631018354,28,87.7090581018189,40,22.7994341078514
CUST_85,25,Male,103969.241373108,87.312509246778,1990.93777020067,38,94.4042093825398,28,3.67383745869278
CUST_86,31,Female,94201.1796069586,3.89548102042136,2241.54067711913,31,14.8795969405116,8,21.6467514322487
CUST_87,40,Female,66292.57436672,82.7558583059115,3006.96572346948,27,46.2675605065394,12,55.8280157334615
CUST_88,57,Male,148246.982343087,13.7581168798711,2583.24034420552,5,98.0987378162685,5,23.3743656936465
CUST_89,38,Female,98750.7265163953,34.1767665716551,4597.76594633994,25,48.3407435973147,5,50.0506946670962
CUST_90,33,Male,50839.4829256793,74.6073173728692,2489.84777970009,3,86.3547522514545,19,50.6972047802461
CUST_91,62,Male,33231.7214406525,16.9152297087825,4960.86849396833,33,58.873152213132,2,23.0212282263748
CUST_92,35,Female,39871.6880939632,81.9787353877872,4258.61053914803,4,37.5329907919602,16,38.2873321433752
CUST_93,64,Male,51974.5046899861,83.3812836178165,1050.46746664311,25,28.578355552587,48,6.62692453411046
CUST_94,41,Female,40888.5785237422,51.2393056423228,4653.67012107314,20,20.3223091086087,11,7.11703626332231
CUST_95,43,Female,44253.7131266698,1.63220129996652,590.668325448526,34,76.1798191377697,47,3.87080215604109
CUST_96,42,Male,57062.3719302001,29.4167751843164,4089.07404537105,26,38.6540506823028,46,35.2798905091315
CUST_97,62,Male,42538.5673883181,62.0757649191985,1909.31023444813,5,51.1275462200751,44,26.1381876799397
CUST_98,58,Female,136579.505201435,98.1374316247149,4391.0918590209,35,49.2325480001182,0,33.3339090431902
CUST_99,46,Male,30430.3869360135,63.5495391746502,4341.60288363618,28,57.7279029233131,16,31.7433182399949
CUST_100,32,Male,88186.4806441331,26.7205545253518,4031.56774658693,29,86.5577145624552,2,21.6619764743531
CUST_101,62,Male,73351.587508656,63.7665646068615,3952.25187717224,9,98.0739343583429,25,40.9709314745849
CUST_102,18,Female,147709.220198119,54.4585525918697,1530.34890409922,38,40.7584208573817,14,45.751610974067
CUST_103,42,Female,34565.0572818468,78.2046941199632,413.787222425748,6,82.7518922106303,35,1.86306727378287
CUST_104,24,Male,71721.2278759464,11.5910832438689,2020.87109203816,19,76.4527794654718,31,13.2272956863638
CUST_105,26,Female,146031.156325798,76.3417623477008,875.887329782678,44,57.3528951455573,31,43.0809162169169
CUST_106,41,Female,132515.926366217,54.5853912889349,3477.80593362328,11,95.6047143611933,3,23.8105901853962
CUST_107,18,Female,126219.369223406,96.3362083820405,1737.03763542355,2,20.0474515528403,17,40.0865528695549
CUST_108,61,Female,53527.3675158422,34.8453444378299,4878.29490229098,47,10.9264210309621,48,21.4707969243389
CUST_109,25,Female,42215.3863607086,63.6295674202609,3208.45066595321,44,85.3961966955422,18,24.0545539874486
CUST_110,41,Male,106923.618590176,93.2707824454917,4114.17801253546,44,43.9149816633748,42,10.3620535476914
CUST_111,28,Male,140818.878586586,11.1484630710772,671.298116981824,9,84.6968854207061,34,16.2356301603034
CUST_112,68,Male,92379.1760918109,93.7856202364087,4311.45226654039,21,89.3090205195415,39,36.7192936929476
CUST_113,34,Female,94309.649631087,69.1006865077805,4614.55838066184,24,6.24575936190714,13,26.5566235675948
CUST_114,25,Female,56397.2821758369,7.71586885141202,2440.43897490649,34,88.3464762986061,32,46.6838582937311
CUST_115,52,Male,120034.081314952,30.7953931277348,3035.20215937738,22,44.8319055369422,13,51.3025123413622
CUST_116,52,Female,44315.687312478,71.1090367758829,3826.40090650595,3,51.0432489004232,33,32.9571386747888
CUST_117,50,Male,62078.3007325517,7.6677095454084,882.444750029459,12,62.659251109321,3,45.7377702313075
CUST_118,22,Male,75306.7370201342,58.6348755574511,2517.80472155258,28,92.6382606730087,23,19.1073662784796
CUST_119,59,Male,85989.3492289791,35.2424226383427,1999.32850858384,30,1.9116094429764,28,25.4833017086046
CUST_120,56,Female,51513.2652139604,62.4706362589802,740.406220889623,26,47.6843468317817,18,43.053882896793
CUST_121,58,Female,34928.7872160965,5.52846134743877,1843.99676723474,48,68.7722042430561,5,23.7865075762048
CUST_122,45,Male,99380.6055174122,87.2821438090853,350.179823833613,21,72.2706957698229,32,35.7217911743803
CUST_123,24,Male,57521.9719212333,97.3754079485623,138.80141567794,28,69.2532431537108,48,11.9369939658682
CUST_124,26,Male,95560.9687849396,96.9189076732835,684.479782882566,26,13.4435129408122,39,36.3865075832594
CUST_125,25,Male,40067.1529856463,75.2155313425496,4815.94440682998,33,29.9395588371681,18,51.8293087263867
CUST_126,29,Female,82548.2132411263,13.8785377729326,2752.15238411613,21,35.8715525417013,0,52.2497387495821
CUST_127,51,Female,89236.6262317062,76.0680563969732,4829.45258415457,35,80.4437207679505,4,43.7363199734428
CUST_128,50,Male,26737.0597869155,3.43410472942135,2168.16441286736,34,27.8759872414553,26,44.9994493654914
CUST_129,65,Male,63758.5561652097,3.19023160137073,1565.96250409545,41,21.0704963867203,15,33.9177192638913
CUST_130,40,Female,37473.9080020667,33.0374116958046,2535.64789557282,47,95.7448019038096,5,35.4954173197837
CUST_131,41,Female,28238.7461614598,49.3756758500619,2203.16332627822,18,0.88632851134689,39,8.88538430322056
CUST_132,54,Male,148694.830210693,77.2703343629715,537.266774466102,11,99.7820855681978,12,27.1876921168568
CUST_133,52,Male,61905.999846714,68.646242284044,3207.72331030413,23,67.6821298857396,47,27.5958007492955
CUST_134,61,Male,125283.677961103,45.1443679312981,1088.0305307229,48,82.8469299449117,34,57.5513723043967
CUST_135,57,Female,53103.2851192893,28.0890399618849,3101.74389494017,22,29.4619396346193,18,26.4341248947741
CUST_136,39,Female,108595.353889111,99.7153255156134,3254.50345106678,17,1.431527766706,11,33.4112160492627
CUST_137,44,Female,118829.621785659,43.1919489213613,768.604017111954,5,73.786951856153,15,32.461832557467
CUST_138,52,Male,97433.0362790198,45.6873154086379,316.134639282234,44,83.4144597000676,42,38.5689413056153
CUST_139,18,Male,81304.9045115206,17.1987582979753,3906.00031448151,11,74.0476131953519,9,45.1457370485819
CUST_140,52,Female,73539.3188391449,79.686145326243,2304.40411460891,30,14.2850287300839,24,14.2774706940815
CUST_141,54,Female,65352.8746505894,69.6745403523674,300.237339572324,15,75.3427922256969,19,32.1947407268077
CUST_142,64,Male,140838.788752217,22.8561916660873,4974.38292267714,27,76.8922782107641,30,49.7291447316458
CUST_143,31,Female,127980.523012405,9.15572351596843,298.32499937187,35,65.8540515670055,3,28.3237681164132
CUST_144,20,Female,145453.498386647,68.3694309053966,3478.22579200418,33,76.6115932795586,43,17.4289952360408
CUST_145,18,Male,36158.6390531208,65.7966102138324,4918.55783706443,20,84.5921439677732,22,39.6278354460216
CUST_146,22,Female,115012.771776474,28.0526931728227,1203.50872003747,16,61.3604114237458,1,49.6022763521483
CUST_147,43,Male,141984.259386735,95.1354926627906,719.824349749109,34,8.86047139696791,21,4.72527728271609
CUST_148,31,Male,43560.2986015358,15.9547312863091,615.71084771792,2,48.7627809667211,36,46.8306385210264
CUST_149,56,Male,28644.5147576811,43.8011453032176,1523.3429863623,35,7.76493346716051,7,49.4772280447445
CUST_150,44,Male,116345.684407708,94.4179760965923,514.218596943127,40,40.7543031032431,6,28.2298527277278
CUST_151,26,Male,94681.5047133886,42.5530043756861,3463.88509505372,28,40.7106489125628,13,59.0150337522896
CUST_152,32,Male,129437.740978575,64.2140688187445,320.836072669013,47,6.60098441402416,2,47.4157921017312
CUST_153,32,Male,38170.4089614176,40.3618453983166,2552.01641946745,39,34.8820533969479,49,46.6460913288443
CUST_154,43,Female,123384.750541786,28.1473050325183,4983.51730072635,6,11.0998098791315,15,45.1224758903122
CUST_155,59,Male,46211.5516062068,98.413787148023,4071.71164483503,9,80.8235210009222,18,9.88587808987817
CUST_156,30,Male,41275.2725725416,41.5240666251893,3079.94499677274,20,94.7688025964471,17,13.8166223007276
CUST_157,68,Female,41354.5537310291,89.5158211642343,1538.20556772519,1,7.23164752579386,15,28.3754177564011
CUST_158,49,Female,125894.71363008,23.7655059832175,3123.24022309528,8,95.5115207291702,7,16.5762566476085
CUST_159,56,Female,106475.638690506,22.0973656984832,2639.93690491914,23,52.2576599336745,32,25.4992173677084
CUST_160,66,Male,87998.5052199855,4.08227420556663,2136.15608561295,3,29.9565677953874,48,53.4193824854523
CUST_161,69,Female,66647.9629360553,65.5150157122126,662.244779933595,4,7.68620752761635,11,49.6352866208769
CUST_162,49,Male,134036.070305704,37.4841080286523,4434.15503404993,25,50.0624268070418,10,38.1723528303189
CUST_163,21,Male,71017.8639649426,86.5714667341241,2254.4253976184,47,79.4515544490749,4,51.6291032608151
CUST_164,47,Male,126157.927131305,47.8477807624642,981.166333985618,38,70.7086477266698,26,47.2425709520177
CUST_165,54,Male,77087.5381141284,96.8511493635575,1845.11916087768,15,5.02260114639738,11,26.3101109786125
CUST_166,40,Female,69002.775825238,19.367026054609,2076.50746511935,21,7.29018353679035,16,12.8628439709468
CUST_167,56,Female,80148.3721370488,86.9936936276055,4139.4140988787,35,40.2873282632637,5,31.337861360551
CUST_168,62,Male,59179.1236413385,77.8830884263824,3670.7357590014,46,29.5290494047943,32,44.4375040691845
CUST_169,32,Male,117189.219422913,77.3212626197611,3848.83141927029,14,23.2384323056048,4,26.748756325046
CUST_170,60,Male,85353.6507120223,84.6335395835719,65.0460094989496,36,28.1004498908714,27,40.3395426772499
CUST_171,46,Female,50187.6503690863,76.3413751033569,2086.60845091701,12,80.3482743296885,13,6.56531815117157
CUST_172,53,Male,136944.694525694,62.9958118415101,2411.90731666026,17,92.9228053631854,4,45.1322794459128
CUST_173,30,Male,69905.8587785175,13.9932428905564,105.769461347053,39,40.5102694527566,32,48.9501035736907
CUST_174,49,Female,90661.8719448185,4.22009176963394,1306.46791163772,9,90.6111002132497,49,42.7034334910519
CUST_175,24,Female,137841.374425391,92.163936933753,3803.84621737945,35,32.1495701247882,47,58.0685516640556
CUST_176,68,Male,101150.939468819,62.0483811375531,694.177431587705,13,47.6436986343792,40,49.7724713901778
CUST_177,39,Female,35196.7452920873,79.8571918066415,2681.19755594843,15,22.6028997816,18,54.2825299447158
CUST_178,45,Female,142178.176069752,48.6707127997425,1083.85734136602,18,64.0476042175844,21,56.0806939240012
CUST_179,19,Male,101602.046899284,12.6135107072771,70.4826654730274,33,97.8981115174809,4,48.2795315205547
CUST_180,59,Female,63537.7299054212,13.3933934280525,1213.59527342171,6,60.3493096043379,1,40.7812716783834
CUST_181,62,Male,38105.3694462403,68.8709634356682,4879.61003700117,27,35.7814084113549,29,1.33739630028657
CUST_182,23,Female,123223.274605138,43.6002835950468,4009.67018829612,23,64.7817445990528,46,28.4837194401644
CUST_183,45,Male,100609.458270707,20.8519479433333,4798.28745516196,27,12.2920678465388,38,34.6985756187193
CUST_184,45,Male,89349.9419569218,49.6678601274023,2444.39167919255,34,88.8659080265399,3,18.937786074432
CUST_185,61,Male,136206.035796625,7.35668477043827,557.583631400742,46,50.3083950779836,32,19.7681623673048
CUST_186,61,Female,122517.637459189,58.6151687895255,2744.31784997873,38,44.9349742039642,12,57.7084055268997
CUST_187,37,Male,39717.7343652576,27.6303470390747,2277.3428994542,14,58.5864788453519,19,53.610941046962
CUST_188,47,Female,60523.8688134213,79.9583509630816,4223.34184287068,36,62.4783862789402,6,51.1015613246005
CUST_189,28,Male,52303.5881758806,31.7258339334338,499.432078113381,8,7.1775806226513,14,24.9546963006605
CUST_190,45,Male,116713.018034448,46.0667947590983,2446.32327373867,35,68.2617221223403,22,1.80821447412596
CUST_191,42,Female,24359.2165156513,2.15043345090196,758.742836822981,19,24.193168031553,13,5.73311254088713
CUST_192,56,Male,94085.6590332712,8.17224189166133,1630.1328751814,30,71.395263250659,22,19.4195857248386
CUST_193,50,Male,119119.62914629,39.8568620842618,3689.41181616512,14,82.2534794384197,18,1.92883186674494
CUST_194,18,Female,133979.532779027,48.5139446369952,2385.33046555015,20,80.395850755252,28,2.01183713299669
CUST_195,44,Male,64470.627333068,60.4020342638111,1885.68254287739,49,55.2500967407889,19,55.0795947969023
CUST_196,69,Male,126763.449607362,29.874595292221,1978.43663006448,25,52.0169892310751,28,42.6633516250242
CUST_197,30,Male,34382.1258041769,69.8032067265277,2302.63937434587,40,14.2875961339412,23,19.228403414021
CUST_198,58,Male,130038.797925487,86.1521173217313,3927.23255374691,24,77.5346150403136,17,8.82603007845624
CUST_199,20,Female,36573.5261031577,78.2052479004416,4461.50259781177,14,27.1409380446714,9,31.1865073558095
CUST_200,56,Female,71647.3477728477,4.92226370948736,4777.1200856546,26,49.6695422817947,40,1.3154234904075
CUST_201,23,Male,123648.397551342,48.5701877785251,3936.64789741392,38,28.4274092927517,7,56.3664108876305
CUST_202,25,Female,39489.2655553406,11.3880876633993,1583.88040978258,23,13.3828362999693,25,25.4740920439479
CUST_203,44,Male,49802.6813802434,24.9624565703902,3443.79218337184,22,62.9557696891737,28,24.7377623590026
CUST_204,26,Female,113892.833891099,98.6795967334475,2193.63958903641,48,5.43320348229038,9,24.0450228473251
CUST_205,54,Male,113604.74975099,15.1070587472498,1280.8064040098,19,74.86452341262,16,5.09037149287812
CUST_206,50,Male,103349.192275089,50.3899271916843,4205.94918133535,46,31.7586795261117,1,38.6610121477178
CUST_207,68,Male,110213.297780723,62.1974176974938,201.747481322002,3,0.013469300448532,5,44.2472135580729
CUST_208,59,Male,90554.1776351875,70.5440320838663,4509.79234075576,42,51.112913923723,4,40.8913984577091
CUST_209,61,Male,52733.8776579039,56.4052196652045,2312.77254847742,19,4.68519085276031,27,9.16769410643427
CUST_210,41,Male,64940.4791555095,1.96731389449918,3189.63536927332,9,27.6169557820899,40,35.1515699141
CUST_211,32,Female,43607.7031841853,33.3196695161552,3300.17607180686,28,70.6976487455716,4,34.599584566163
CUST_212,49,Male,138098.572973372,52.2534526950864,4476.63752612562,20,6.26896216218659,17,52.2362364885415
CUST_213,49,Female,95840.9333195957,9.6987834153385,3186.98171401436,45,83.9338492356002,25,23.3685318441632
CUST_214,41,Male,72110.6841792732,35.7120661897089,3073.52858795271,7,0.381992265858311,19,22.9176706759066
CUST_215,58,Female,80060.7544737373,4.28710777034529,342.593682397843,14,24.6823869201902,40,37.4930964643729
CUST_216,69,Female,143146.834149536,8.77927121834705,2596.85602950657,9,74.0904056152071,48,38.3512865564713
CUST_217,66,Female,39935.6824050904,40.295404343958,759.343314077038,19,31.6270149729307,26,28.6878284122216
CUST_218,66,Male,96209.8781621836,14.138859650263,3689.79450592021,47,10.1892388066014,48,27.1405023774948
CUST_219,69,Male,85765.5282549806,57.1865439778943,2565.98738485525,14,36.0233918800428,11,30.1547125676351
CUST_220,29,Female,99489.0506065042,69.2570319445893,3404.33661824968,38,27.0393286384526,6,51.8016726706954
CUST_221,56,Male,22354.3238967093,80.2580832117992,217.947774005897,36,84.2711902160555,2,28.2088471739807
CUST_222,19,Female,133376.10816274,20.8148741802362,433.112160068558,40,31.3347917585143,9,56.4559757262195
CUST_223,20,Male,141175.37672287,17.5807756436479,3584.45370643278,17,78.8932471776007,33,30.7362220521832
CUST_224,66,Female,93467.3138665972,11.3522161931056,369.70083663338,30,89.1872144810735,24,57.0028408976726
CUST_225,54,Female,110564.607103996,64.00659470482,365.57107154864,9,43.381741957653,34,50.1370822102755
CUST_226,66,Male,139924.919553048,70.9410969222032,70.4212914220884,33,90.9943143854392,15,22.3834480343339
CUST_227,34,Female,111941.022460742,4.12702833773856,4782.94197751441,25,37.7318053963193,1,51.9548438565004
CUST_228,66,Male,39830.075578854,93.6850123781253,3690.16671370044,14,96.4078416490108,23,7.4937337678658
CUST_229,19,Female,94917.4868216857,6.14515708149577,1772.7245284253,11,8.92895245255729,9,55.5777833452379
CUST_230,19,Female,98872.9560297713,54.588337194806,1489.7125506254,35,68.7019266503243,37,38.2669673898906
CUST_231,45,Male,75136.9872693102,71.1969914256407,1755.01911643179,41,49.3814040456929,21,4.20905416281636
CUST_232,40,Male,115737.750631214,87.2259432508625,3875.5211205941,14,38.7648805455647,25,39.0111466953979
CUST_233,54,Male,141467.711919972,71.6946062811104,3310.23934924137,30,63.2711878748601,42,58.4806115945406
CUST_234,49,Female,140323.906677881,80.3710802239094,934.125883658665,41,70.3857091634331,38,5.11823862226311
CUST_235,50,Male,78609.1182825372,34.6055690617378,878.805583317081,4,0.436326965030909,26,33.7265748770251
CUST_236,18,Female,34720.9459592982,81.6676862609047,500.994292069853,4,16.6953088747199,28,45.119866635803
CUST_237,36,Female,148029.355865103,8.93136979208284,3304.91057130968,28,71.3046050634319,46,48.8052566152724
CUST_238,19,Male,129056.751237971,89.5868489499922,3824.21958448646,8,66.6385413578206,37,25.415820453927
CUST_239,61,Male,36206.1485564247,55.2116452392199,1332.58167734177,2,96.6047505128677,19,13.0458269909263
CUST_240,43,Female,139709.444740258,81.9124792262869,114.515355544255,41,76.1037790250783,26,3.49819444757065
CUST_241,49,Female,133086.527068077,45.7795101673117,420.036620707372,46,95.0772707731338,40,35.2038432687363
CUST_242,23,Male,87448.9474263894,64.714191824456,4839.6215738767,22,70.2540501534807,19,27.721753145789
CUST_243,49,Male,96865.8066468408,53.1138634326752,1484.26943961233,41,29.8052208639443,43,56.975919313833
CUST_244,21,Male,71870.3515031169,73.4273626537779,3848.42350771229,16,10.5364922250856,18,4.57568955517968
CUST_245,28,Male,27119.0130468641,9.08136822102837,3127.07120858278,29,78.1823863344936,19,41.4383252633143
CUST_246,34,Male,63575.6414139671,6.97485631506582,1915.87880186795,49,64.4149221475916,34,2.47300710508337
CUST_247,55,Female,124370.948317741,25.4632201670045,1036.37943835582,48,4.81860123932962,46,11.114616425922
CUST_248,41,Female,20602.1629905984,16.7949233312056,615.718226615438,30,36.0050465900978,1,27.7611609954472
CUST_249,22,Female,63354.8923198488,87.306573092628,3078.91471051394,12,95.6799815484286,29,27.8374741253692
CUST_250,69,Female,71761.9301668226,22.7021847484464,3875.42256538256,35,50.0401145710201,33,41.456332033085
CUST_251,51,Male,89861.42838193,97.610660326094,3223.08222517024,11,43.2729136019705,21,54.7025690571976
CUST_252,23,Male,139581.230133659,34.3526833853396,2656.2076449133,46,45.7699605159294,2,38.7028973759803
CUST_253,39,Male,65024.979267575,19.0296736531812,219.336604923865,21,20.8882724005164,5,57.258570773239
CUST_254,28,Female,65103.9162465096,79.1801522071054,4842.75900019598,21,36.8707170864795,14,53.0153227528019
CUST_255,65,Female,115875.162254267,66.2120697745867,3995.58381635633,5,36.9813255987177,26,35.4854879363166
CUST_256,33,Male,78788.3323156749,50.3213759288608,1471.18196313781,48,5.23550201874724,9,50.1937251042108
CUST_257,50,Male,49198.6269821977,55.9809915428255,4900.05194350066,20,76.7567628517918,8,38.9120790090944
CUST_258,26,Female,78817.1370972501,72.2009760489541,3013.38913228525,37,41.6504431903879,32,5.6349120244999
CUST_259,23,Female,38311.412649374,23.6170193917986,2916.28906445416,3,82.2179886816423,31,44.6933186723111
CUST_260,33,Male,42930.308245809,99.6370576896175,3742.88516535336,44,85.0348001119895,47,6.59959803477343
CUST_261,46,Male,84787.8104561324,97.5045230525315,4060.73124256979,33,21.1994054698658,5,36.050884053613
CUST_262,20,Female,74460.3084355912,65.3822429483468,3285.8282505842,9,65.7353482170129,40,42.4557721456355
CUST_263,37,Male,138929.967138853,20.7547026419854,649.197774367338,9,47.2281804162982,35,4.92512888444046
CUST_264,53,Male,67111.2068851623,68.3425960006978,1697.95485491255,4,88.0156737921485,1,14.6168845816654
CUST_265,36,Male,95476.4855361456,8.14764248893841,4641.13736522699,35,21.5740679176454,28,55.0246617034373
CUST_266,43,Female,102194.357429539,4.0345977183748,1130.83190310082,17,67.7813200310044,3,37.3625550417409
CUST_267,20,Female,21702.2793564834,26.5106059626102,1867.11344894919,34,60.7752122252723,0,15.5308751098214
CUST_268,36,Female,106259.858362172,46.7996727171923,2166.06364589154,24,29.5301477571833,18,41.7501064977324
CUST_269,37,Female,43144.6756930677,86.9589780354297,2202.63089857532,32,13.6600903651173,25,36.2098087777397
CUST_270,49,Female,144939.141271029,72.9897379068645,3068.56851664768,1,65.1639760477277,24,30.592966295159
CUST_271,24,Female,39326.1546079047,74.5279455987981,4715.94843034609,8,73.8597458132331,9,58.5950315242969
CUST_272,69,Female,73901.1360845131,43.1238401103595,1211.0566320442,45,31.562734376335,14,41.323772867043
CUST_273,58,Male,31095.4568502237,35.2475642621493,616.291867741581,23,64.4832604022314,21,23.1510254704068
CUST_274,50,Male,149593.652739973,37.7328375354757,995.377744401087,47,39.5130907611503,47,48.2043324925352
CUST_275,57,Male,85285.3513430615,98.7773068098697,4435.75525204426,40,71.3206883282618,20,53.1904142823501
CUST_276,56,Male,97400.0522516057,4.97080994983577,3232.59595514948,12,19.9215274894053,21,8.38801301149305
CUST_277,35,Male,28719.9420604956,86.8361181161224,1436.67487830341,12,89.0215002636174,35,12.8326256928707
CUST_278,57,Male,117494.861151893,58.2888654486669,4081.5752254534,46,28.740959646558,33,13.757393538539
CUST_279,18,Male,47287.7271024262,44.4229264997695,4308.23628185355,47,36.7785987756153,29,41.7814967538059
CUST_280,28,Female,136747.057627293,72.8005083810985,4234.10655006449,15,5.80919520803498,24,36.5793337481437
CUST_281,45,Female,46668.1532626609,49.1802252010456,4595.44340286138,41,11.1512212321276,44,37.5205023172167
CUST_282,42,Male,44789.4036862767,87.4689005700844,1268.68269066507,19,51.5861902712328,27,56.5056246816806
CUST_283,67,Male,24751.4568202523,90.1694845371146,3777.65922444393,26,26.7592676727971,0,46.7787804356311
CUST_284,40,Female,81368.7028642999,42.7503717604721,2308.09209139796,29,83.5480225742194,48,8.54827854619521
CUST_285,48,Male,93429.3473241401,28.4059519262701,4211.57277892141,22,1.46933886549538,44,21.5029178630857
CUST_286,47,Male,28542.1231256858,59.6426825307429,3645.16847903645,40,37.9094048671936,3,26.6882251243684
CUST_287,59,Female,120818.590170351,91.3239712160524,3884.47275803363,21,33.7345546769093,6,24.3617337361087
CUST_288,52,Male,78927.5485172436,21.855556711561,3284.24757002855,38,1.9327630917601,48,40.4892079405509
CUST_289,24,Female,88170.7350125854,62.6736917727848,895.369559653837,20,12.436839900051,8,53.6216930921372
CUST_290,33,Male,77299.1571019697,63.5244617891595,2729.68432529572,29,41.3642674918635,35,19.0570363478445
CUST_291,43,Female,72099.1979137924,73.5781892191128,4923.5020002273,4,49.2864584447447,18,33.5607510488499
CUST_292,65,Female,92753.2430700683,14.0252008275987,4687.56645182062,7,40.4289747254869,0,47.5751558929016
CUST_293,69,Female,40181.2319709926,71.8666715035268,225.436941627088,28,53.0937678412094,9,25.5568654718756
CUST_294,66,Male,43650.6569643852,90.9942195458985,832.425930489891,28,59.5131674905682,35,10.9189695755585
CUST_295,19,Female,132032.130731757,18.788627778154,667.326579538264,4,0.992382112783563,8,29.0221069505611
CUST_296,18,Male,142995.010077372,24.5167891674639,3632.63975082662,22,46.4095159453504,44,4.25812872383868
CUST_297,65,Male,68530.2111163679,97.1681143101223,4090.74879598616,12,96.3499240887588,45,56.6006237861343
CUST_298,29,Male,55196.807508662,18.9167183182395,1075.42171789025,45,51.9032280129549,41,5.41445110650341
CUST_299,22,Male,103719.940621072,85.5841242435883,2534.20493782963,3,67.7542267458953,31,26.8689461997841
CUST_300,54,Female,73135.4422427525,49.7355077883554,4205.10810977589,22,31.1863857916883,31,32.262994404223
CUST_301,49,Female,23300.2262358448,25.4758763659145,3666.67970838359,44,77.3991378152762,5,59.1329261049498
CUST_302,26,Male,40299.8376576047,87.2042402259786,2715.76365540432,2,77.2921481876115,47,10.7952875949288
CUST_303,58,Male,113076.389750162,45.0852202452639,2955.83497538928,24,52.1296047654139,37,7.75145959812916
CUST_304,52,Female,105660.11244832,51.9669180390393,2546.71912911224,34,97.6013823279214,16,1.51366267669007
CUST_305,36,Male,23522.4790254529,36.5641035705768,1494.76677208091,27,12.5550214762653,9,10.1787147752888
CUST_306,65,Female,48856.3810512834,59.7021342920578,2829.45974436649,41,1.6947664889581,49,13.2291057649924
CUST_307,33,Male,50039.7235564493,17.1888633859173,3447.53765722995,1,77.0158211757096,26,38.2042755534024
CUST_308,20,Male,107346.056667835,39.7170721285243,4367.88135014543,8,80.7155537364883,49,13.9627006330926
CUST_309,37,Female,22562.3699080673,96.9718199111935,3185.09385635645,23,12.0207229120576,34,2.21072806903019
CUST_310,41,Male,33534.1156579946,26.5552098374116,3807.99646984536,38,26.5582832958606,20,49.7704823846468
CUST_311,50,Female,123989.091098515,66.0169297895879,808.757458423319,6,1.75523633666289,24,22.570146359234
CUST_312,41,Male,43210.8060670634,33.1938163582448,2313.17179735475,22,29.3308610780565,27,21.8681045082633
CUST_313,69,Male,104856.994020744,77.5738394429735,56.5647829371955,25,77.3141873918672,46,18.8462627209077
CUST_314,28,Male,50963.7615360745,13.9564924111166,1240.9275339629,18,51.7960527712579,14,58.5470233516388
CUST_315,66,Female,32927.3810587149,97.0122834627759,3635.04395841389,17,34.8095593168288,3,11.0368096212476
CUST_316,25,Male,51612.384829929,45.9251645969803,4959.13165723332,12,37.173929490633,28,53.9960457732409
CUST_317,53,Male,113894.701141236,24.3689958712999,504.898716940207,6,0.135362571546815,8,46.8313965962534
CUST_318,55,Male,131240.540853817,8.27617798567125,2013.45663614783,26,29.9800527565236,26,5.51231737445947
CUST_319,57,Male,127928.582393709,17.8060326036665,4002.35413380881,27,64.6458741637931,25,59.2170169885501
CUST_320,37,Female,71633.8588503991,52.4576209070458,1028.13781679821,8,97.4194443816357,18,17.0105918488016
CUST_321,52,Female,106851.067754184,34.3633144666973,2779.87389701841,19,84.7060826983899,27,6.81639269432233
CUST_322,65,Male,46647.9584040567,83.0594532223783,3668.02576718808,42,2.35949646455291,16,49.9295398134198
CUST_323,42,Female,58109.2049339317,43.6578648425188,3083.76739679829,1,89.8560604674839,42,42.6938564869843
CUST_324,52,Male,136523.656407746,25.6227129861754,948.243425730927,29,78.3198413298626,40,37.4159095467961
CUST_325,42,Male,21690.2500563957,62.097353673799,1783.36899774184,45,78.037612357098,41,10.2028709582371
CUST_326,46,Male,31116.1090110809,70.9709444716591,3921.12100458213,49,45.7995759003572,49,29.2312708591017
CUST_327,35,Female,47025.2131689836,17.537148882194,2775.59030551876,35,39.8005292954503,19,47.0528055863456
CUST_328,63,Female,23449.1865035966,17.5943024125435,36.0957715791346,40,30.2915728833193,44,18.9138123504866
CUST_329,35,Female,43586.6065616737,4.63047126642075,3807.34389254019,14,6.56948589543658,39,19.3896998823874
CUST_330,19,Female,95795.40292606,73.9037994914984,186.203661151793,35,22.8235363493699,38,1.18531345683921
CUST_331,52,Female,74785.1915770247,66.7166482345587,3731.21157582885,48,24.6603634978025,48,11.2803606970774
CUST_332,33,Female,136047.322440007,47.9884566992316,1020.37799522453,45,48.4077069710202,22,52.6489318821882
CUST_333,58,Female,126267.663025997,84.5728744479505,4790.78666579571,20,74.7444406596694,46,27.0630430066247
CUST_334,53,Female,64436.2557207239,80.7613451420553,1846.0243489974,49,47.3809828397947,31,59.0698354548316
CUST_335,50,Female,53725.046346068,58.9500820752785,1641.38876552701,13,5.78444494471606,46,24.3467698508538
CUST_336,21,Male,69360.0130617447,86.9588567708126,752.951371158899,38,95.7789800988204,32,43.1960008320342
CUST_337,50,Female,96738.342526925,21.3782797936401,1534.96503529617,49,94.2724319094112,45,17.633223531379
CUST_338,31,Female,54848.2733069739,12.0800423203751,4384.48730152272,46,78.5189543148408,4,22.4647688273151
CUST_339,38,Female,101139.358020387,27.705211540182,4981.70834475996,49,99.1327901564221,42,12.2528332678628
CUST_340,65,Female,73223.5147848613,6.65159875284217,1847.86455722917,8,54.4482332800263,47,21.4766797414643
CUST_341,37,Female,91766.1335107574,53.5857832721022,2248.56704846317,43,96.2768350253206,33,33.2870137048179
CUST_342,25,Female,76696.4487875912,93.7239635372012,3613.13398163166,20,7.56050406167508,39,59.5145999777757
CUST_343,24,Female,58280.5487404493,4.89501052618246,4432.11694452072,33,36.5680748261371,10,40.1879010712354
CUST_344,20,Female,143298.92990508,13.0888814869927,2969.29122759205,26,22.5381268006766,49,12.7555113100905
CUST_345,34,Female,119268.753240769,45.7677038000601,1963.71323390737,39,19.583308413427,2,3.65272505390152
CUST_346,50,Female,38214.7128496388,93.4536267352626,2068.98298583463,21,14.0802948892676,32,8.45503239755613
CUST_347,65,Female,132900.836866729,32.2994543926983,3481.13455101907,49,62.2413641565997,10,34.1907568751098
CUST_348,29,Male,83366.0557724368,51.2162460601509,26.0591353853506,42,78.1321855747305,15,46.1444594001892
CUST_349,68,Male,136291.789496232,5.11571304598882,3101.75079392461,43,57.8298399420361,17,56.4847332307441
CUST_350,39,Female,123981.183273151,15.6859768952468,1783.91012210237,41,14.696270958821,29,1.93356714781243
CUST_351,39,Female,75277.7555810004,98.6763821729258,3973.04468307265,9,81.1123769933471,47,31.8428483521503
CUST_352,63,Male,22921.0100816153,96.5467509471685,474.023292717429,24,63.5954707163729,9,28.7811740171674
CUST_353,47,Female,54928.056720043,1.48905811250655,2945.12931207247,37,38.8165706126995,17,39.7072462965665
CUST_354,55,Male,90412.4479059127,95.2293667569007,2410.05472053176,49,67.4130295536063,37,34.0151524134552
CUST_355,55,Male,102352.168577399,64.2728738437345,3215.20437426708,41,25.9904979242833,18,41.5353098843664
CUST_356,62,Male,53525.3991063163,86.9239111574822,333.619436470012,17,34.5192208494211,35,39.8268725002022
CUST_357,68,Male,38116.2896294671,46.0192457077521,2904.11909926638,24,91.748584313199,12,7.90369176661883
CUST_358,25,Male,128540.930783909,52.0440068293458,2811.80809391802,21,29.050450567142,45,48.1833569035045
CUST_359,44,Female,147972.283491462,49.3958114454351,2807.69387113669,39,46.9988268157937,2,8.27072196726317
CUST_360,44,Male,88339.7236993492,67.0195614970643,3021.40345631631,41,89.0141137396015,9,42.2133068873391
CUST_361,51,Female,42318.3071602795,14.825474220875,3385.57500675955,39,70.7721350267528,37,25.5525766907958
CUST_362,38,Female,55399.952447518,3.96738539739512,4026.89510840704,13,6.22032261647028,0,31.3171933400193
CUST_363,47,Male,22390.7879511707,31.4850642175279,1356.40539343979,11,14.730304427897,26,54.2945828481669
CUST_364,50,Male,138858.844852865,70.763395510928,4126.99655679851,46,0.784159077191682,45,53.5031398619357
CUST_365,45,Female,35307.6407757183,20.9834917601719,2496.29585449463,19,63.0921790229163,7,49.2535220336467
CUST_366,64,Male,94947.141816853,67.6698108991668,394.520812880312,11,44.7673425410418,45,31.0987544469231
CUST_367,50,Male,55627.1786893368,97.0212925646198,302.169136927456,13,13.4274850902276,41,44.4381487978962
CUST_368,22,Female,92043.1403270531,10.2961708631524,1677.84921029334,46,95.7934121056771,16,31.2609262756097
CUST_369,65,Female,104684.650485742,67.5876097042875,3926.63591578622,45,52.965972394562,8,52.3067588660119
CUST_370,36,Male,127866.434481936,44.9312717111525,3541.32786435717,1,24.1893294112889,5,24.7637741607411
CUST_371,21,Female,46834.7653288784,86.946083183373,3945.18867371531,40,50.0603571154708,42,58.2438853204777
CUST_372,52,Male,21429.4577256025,18.5378291552912,2591.17259164363,44,67.9620332735108,24,56.0070427355038
CUST_373,66,Male,37795.1319089449,69.5699692703903,2206.5929997979,19,7.62392179735645,38,44.7545545476554
CUST_374,34,Male,137002.423440254,83.9734136751629,745.788108264357,12,27.4703815047892,48,17.4855371663882
CUST_375,61,Female,133605.710083127,94.5168077279283,1647.68184051046,8,80.6965490883994,27,8.76756173880225
CUST_376,45,Female,97663.7032821401,68.6415548006749,2175.75663720764,8,45.9664870402661,32,51.4275035554987
CUST_377,47,Female,98067.1918563749,50.2203016368343,452.11614410129,45,54.6577142032295,36,10.7528348821397
CUST_378,46,Female,106454.767691013,62.1668767799202,1110.85364402894,12,43.2816002209469,8,51.4013865508428
CUST_379,63,Female,42798.2662210484,87.0215934633931,2995.14421737806,48,4.38999426430051,17,29.9551353960293
CUST_380,23,Male,138873.552970245,57.4903649172441,3680.95894005356,33,16.5749779820156,20,24.9868502446781
CUST_381,52,Male,74440.1682359695,4.00831890998685,4991.75408185082,45,44.5541638741891,1,54.2882559512313
CUST_382,58,Male,69808.0086724347,93.1639208551908,4666.23552340435,26,20.9185465407928,42,36.6272079698764
CUST_383,54,Male,87459.3016867689,69.2631483521245,3216.40034568061,39,4.99790286596787,37,35.0202264206534
CUST_384,41,Female,26105.5756807572,67.9748251919474,2112.02778593742,28,84.3649664051824,39,33.9671907328395
CUST_385,46,Male,41616.8379382903,22.351840087374,3184.52504989408,5,98.1192529164116,35,22.8990014451524
CUST_386,66,Female,115944.370135428,66.2296615530331,3930.40157422036,8,79.3142873996739,49,47.3529431082185
CUST_387,63,Male,30763.8268302664,39.9925761597617,600.497592707703,25,85.3784921704667,42,15.9151081969306
CUST_388,48,Female,98409.7742306305,65.4720647271077,2055.42539958448,27,24.1977130317045,36,56.3948026424352
CUST_389,52,Female,51895.3842585717,11.5527100004911,4200.61340532173,46,96.06269755132,14,53.7451270977707
CUST_390,50,Male,70608.429825457,66.1266851557006,1925.32643014589,23,19.6925704453428,27,20.911339214819
CUST_391,69,Male,57530.185780191,99.941958851296,2863.64263342366,30,95.1429810361832,17,44.0383624200682
CUST_392,38,Male,66237.4531404434,5.77299184719505,2942.96911070237,45,99.4819293965951,33,34.8201684725259
CUST_393,49,Male,113475.967673952,97.7402442379104,930.53650313686,47,71.1722805746049,21,20.9213088179548
CUST_394,40,Female,58625.8230310128,41.2838881115642,1817.55485384492,23,98.1143731791822,10,59.3227772317314
CUST_395,50,Male,93632.6032385967,87.2045915833887,1679.21133082224,49,56.9539779567104,12,2.48900340504759
CUST_396,20,Male,81886.552285883,78.4561629217691,140.721575575003,47,25.954178317609,3,15.9061158066559
CUST_397,35,Female,106277.251497144,57.1346098376801,130.716901817863,20,43.6995885665621,21,31.6843696055579
CUST_398,42,Male,141787.866112219,74.1064717158813,4160.16824794211,18,59.3560935378786,6,31.7952272052353
CUST_399,59,Male,115234.372637333,87.9730405688335,1372.62334176433,18,7.3081562027015,42,35.7470514217883
CUST_400,48,Male,47942.2492167984,41.0098918434523,2595.21304353169,2,62.2343264617246,23,45.3488941493522
CUST_401,20,Male,24053.807557967,33.3762829947606,1500.64061220798,4,98.1177836762295,3,37.7851920006385
CUST_402,57,Male,54094.3257589773,67.0917451707949,4703.98943312555,30,19.0107649783728,27,36.4166061711542
CUST_403,63,Female,97360.1309910331,80.9767482521846,1303.89082674021,33,79.2595116288383,14,4.15735331186956
CUST_404,41,Male,26685.3557529525,76.466228342885,2153.98749556729,36,90.7898793779619,0,23.2152869795686
CUST_405,67,Male,84527.6121361607,79.9835512370048,4364.92394991816,18,94.3701592820221,2,14.6912886423682
CUST_406,49,Male,97589.5703591956,44.1227481664804,4211.24849829113,37,96.0135604405447,13,16.6568365845166
CUST_407,64,Male,63451.7058062049,81.9655874013271,938.646075052924,19,52.1459638721472,37,33.7059109860803
CUST_408,39,Male,120218.586486957,12.9006964816902,4015.19011588059,47,97.7307907991504,49,12.7708135808469
CUST_409,40,Female,33857.7729073903,54.9044206981241,2296.35256482208,28,75.7310207134439,0,18.342996959997
CUST_410,19,Male,29767.9116256551,1.57010738931404,2420.01467170592,40,16.1671436236962,37,14.9879978025231
CUST_411,44,Female,114664.538306468,33.1339971601268,676.06506235556,20,47.690010646797,37,56.9616736498735
CUST_412,59,Female,84413.8711068058,37.2796919522684,412.201553648052,49,71.8331175372004,20,56.7352781980946
CUST_413,19,Male,109492.311535606,40.2210964693163,3642.41714179909,33,24.7340315819083,47,36.986551957167
CUST_414,43,Male,76527.554018487,69.8512534622964,2487.34115025295,12,64.0615183548887,28,55.5468256551821
CUST_415,34,Male,52032.2643210839,39.4672520257642,2189.88500604975,15,66.6600479046619,4,47.362946082634
CUST_416,57,Male,126483.301297646,45.4206686396305,3650.24606097546,41,16.2699743808566,48,35.8069250853067
CUST_417,50,Female,123924.064265967,24.5168689565584,3829.90936596564,39,56.5085312452756,9,1.37967747831095
CUST_418,26,Male,110310.541211075,37.9519273713047,802.951756670074,2,77.1626910978608,27,46.5784608786848
CUST_419,60,Male,55378.8678398952,23.499693099052,3055.02349589343,29,49.8895664535942,20,42.4468121537197
CUST_420,65,Male,96729.9866929813,8.24639645307592,685.416870565651,41,1.21031167761074,49,37.2999655436624
CUST_421,56,Male,66926.6066022035,60.7414107447564,3759.36167928494,10,0.903846907929218,6,45.8650343892658
CUST_422,46,Male,31905.6695324624,67.1530670569466,3288.20622977303,2,35.7029343970012,2,31.2624077217112
CUST_423,59,Male,139250.764810092,62.3295442549518,4783.50695920646,11,92.6194068431782,44,42.540913007959
CUST_424,43,Female,37786.422019465,46.8859103362567,354.100501618542,13,22.8676779603609,46,56.1751531168631
CUST_425,52,Female,143530.855996704,38.5987922377438,294.703058544759,10,63.4363688871687,19,23.1724959349191
CUST_426,67,Male,77980.7504845343,86.4700313076107,1418.11350271907,14,22.2075870693321,18,42.7791882591369
CUST_427,42,Male,44067.2807490206,52.3890967284856,1315.91136184217,18,32.1669989659549,34,29.0655812626466
CUST_428,41,Male,90447.1231591866,48.4390058853434,1242.42420736928,9,84.8042089601484,3,40.7895794570249
CUST_429,30,Female,133482.958663933,3.53856451483713,4532.21035679997,39,72.8861442269947,4,46.0107067977075
CUST_430,24,Male,115189.235233243,34.7835349349895,1255.23553724904,28,9.53992773132106,0,3.68169752571196
CUST_431,53,Female,124852.949221988,38.6393662597998,1367.02913338187,3,42.8702020986434,3,39.149426192971
CUST_432,62,Male,105641.837672393,40.4834553087932,3799.39732946564,20,2.91697636452645,11,14.3777298800097
CUST_433,37,Male,109995.953387321,58.4370645535059,2254.20181382819,6,48.0890146603009,26,40.5319197306464
CUST_434,18,Male,130395.434703492,53.826652125961,3885.78567920635,27,66.2434011701068,41,28.631480970095
CUST_435,25,Male,52456.8411516942,61.182604186551,336.177126246282,2,11.8502623598152,22,46.6396117700283
CUST_436,63,Female,83625.2452736083,76.7234428926707,2442.98025643019,29,28.8884938909166,24,8.28064809713019
CUST_437,33,Female,48757.2274365483,81.4855881328933,177.73186491458,38,39.7836625502157,20,37.9530187477155
CUST_438,31,Male,148396.841039564,72.094184546423,322.639485242219,3,91.953102465605,23,17.4297730067256
CUST_439,29,Male,142727.71415926,95.5968458995385,4533.12289218861,16,99.3255015422964,24,51.3259377245049
CUST_440,68,Female,25125.4854779058,2.8050256849598,704.8344018768,30,4.49112989956159,44,55.7746268325421
CUST_441,40,Female,111724.772427039,20.3820205826711,2666.77920455333,40,76.1007923495392,45,59.7874993270643
CUST_442,32,Female,140282.281264037,1.74872462283607,2061.36705697753,2,37.1724066402343,31,47.9644367432097
CUST_443,45,Female,43474.7948665534,65.0999967013057,1743.24319803163,17,39.245818622948,31,45.4703101552523
CUST_444,51,Male,93832.8799718418,89.9050243460487,4500.16839497949,41,75.4264973347023,4,13.7145447731855
CUST_445,19,Female,139013.478686445,25.1047473610536,118.898749909693,12,91.8426432145409,35,20.8244164804164
CUST_446,49,Male,24412.9772161538,92.7764199348344,3322.31053401619,35,95.0928594502548,45,28.4752699639745
CUST_447,40,Female,110664.634742089,6.96647163866652,4817.33822672562,43,57.7122586038321,41,46.6294818191527
CUST_448,39,Female,58655.3709584316,93.5091666537459,2805.23923547459,1,35.7121159300503,48,54.9829860396001
CUST_449,68,Female,140171.505398949,35.8106460367238,4684.74408554513,45,78.7549085858779,41,12.1592069013561
CUST_450,42,Female,146237.571871498,11.0406620164724,270.766817637259,15,25.10013832623,38,55.4196815955361
CUST_451,39,Female,142754.643584746,49.1013041594462,2099.77866218007,26,56.4074028833518,15,42.0418544888894
CUST_452,39,Male,81647.8481654703,26.4208802043303,1308.18737690064,37,35.8578461524873,32,37.0354731104173
CUST_453,66,Male,132065.544628611,29.2024172942304,3656.79661525384,21,65.6631073707876,48,12.7906350056344
CUST_454,69,Female,129791.421809559,31.4217065277024,4906.67248158126,49,24.0398912893507,20,4.27597693573988
CUST_455,59,Female,61483.0615216232,80.4995638854337,1290.0850115968,31,19.1592945734826,8,34.5394290119685
CUST_456,23,Male,127759.011639588,54.3769663908502,3274.33126135563,25,91.8239086675437,5,39.4394253164047
CUST_457,32,Female,24810.992513014,31.8194622164444,998.507187471103,23,10.1803682949537,44,13.4361055119266
CUST_458,60,Female,97515.0842026669,61.4230445477809,2830.99797031233,24,50.5957907734932,34,33.8309161437019
CUST_459,54,Male,49901.1488474014,71.8989167480962,2325.0231085748,38,22.0852782963009,38,51.5331107629918
CUST_460,50,Female,35673.6951510462,27.9897760726198,4860.30659486137,28,3.89299633256674,21,50.2688907818462
CUST_461,25,Female,30003.9162117972,41.9413610510098,3046.55109075537,21,3.60188182914264,40,55.7139556545915
CUST_462,61,Male,110517.540864158,13.0667232403578,1754.03679671323,43,17.5221772105827,4,22.5872627638559
CUST_463,61,Male,64183.7452898486,18.9337856039334,579.337966590788,18,86.6770354506,41,19.7649247805042
CUST_464,22,Male,114219.680298739,68.4306675425333,764.721675387323,36,28.2478743977027,22,45.2161343528677
CUST_465,56,Female,28496.3243038625,18.9623964218671,1134.33148045666,35,95.0459170575296,16,26.4356319007233
CUST_466,21,Male,60987.7439179793,52.991174983039,1262.32364008809,45,58.1622292989194,11,6.16537117763906
CUST_467,23,Male,90133.8680087939,71.1955799105208,4254.57412862728,9,43.6614189768766,22,17.6852667095595
CUST_468,62,Male,122794.011429065,11.5808153863796,2810.5017135298,38,58.0088834669455,15,25.6963548463579
CUST_469,49,Male,61437.8253811691,57.1639097432615,2621.72064775809,30,51.6698385226268,2,18.2584691030989
CUST_470,69,Male,101365.878936811,26.399715586435,582.696670627395,44,75.8776253757325,29,20.600128685892
CUST_471,47,Male,135177.107270704,96.3297606485204,4302.09706981368,34,28.2496065972852,21,18.3327784642891
CUST_472,64,Female,100062.2144637,48.8710190252725,3616.84337301033,32,35.3050391600302,8,3.44845086380169
CUST_473,52,Female,50284.7317179724,80.7932624277407,347.665125881008,3,89.4094302533251,28,38.5885873486421
CUST_474,57,Male,23172.1016023499,55.4724276734699,3542.09713517655,3,94.6456513150406,46,36.2402528008547
CUST_475,69,Male,133112.853607121,5.2978407526271,2722.2557045398,28,89.2558227486474,36,39.5496264102422
CUST_476,33,Male,22765.0234105503,63.6819861838082,417.809475276424,44,41.9447993957314,22,12.346283865984
CUST_477,30,Female,133711.217448946,95.1889308784591,2296.920201228,15,78.0365503006882,12,18.4436179551366
CUST_478,67,Female,88761.8274235376,60.5595701944868,2428.63447277893,41,47.6335733301099,31,37.5573396897504
CUST_479,59,Female,142078.800806677,82.0996970832522,837.214955414746,23,49.7539852146102,45,36.3780265391354
CUST_480,47,Female,123841.820650577,88.5364398714924,4729.03375353141,40,20.4680109057284,46,30.8734882519018
CUST_481,36,Female,149731.434369334,23.5798974229443,4251.3771036885,11,59.1130303258517,47,21.6743817506016
CUST_482,34,Female,65592.5360087223,21.9924391509144,3348.42146327225,48,18.6135897753348,22,54.8629292817067
CUST_483,36,Female,119734.477561047,61.4871178962482,2316.85484939303,32,33.1564699067194,44,21.0464442956318
CUST_484,45,Female,72251.0187692015,41.6918185108638,2064.7100525067,36,85.5030201619935,16,27.8815302297978
CUST_485,43,Female,82383.8306395082,84.1462689838053,3258.35760108326,33,20.7075809210855,39,41.0087160262983
CUST_486,54,Male,101575.710218388,90.1022892164031,2731.70502834046,24,7.11582851734328,20,33.0382644211391
CUST_487,43,Male,133578.024844224,35.9887165509691,320.742798350609,39,6.90075926128163,1,21.4662726054987
CUST_488,40,Male,147930.850995908,24.4501853384737,2567.38821736395,34,94.0784520503108,36,26.7030426369341
CUST_489,26,Male,119875.543802387,78.2720260091423,4033.95404999187,28,50.6920437961835,5,47.8743682533569
CUST_490,29,Female,74309.6816817534,28.2057975192655,2301.60698920882,37,40.9412071817018,43,17.4096201737101
CUST_491,18,Female,74776.4102960191,82.4388175328542,269.263321995799,7,81.0878581007919,17,9.39305914683211
CUST_492,18,Male,115885.699206556,42.9500871112275,3933.52821492632,4,83.5825927910516,29,19.4766289079568
CUST_493,64,Female,51041.0289498793,67.0874400298556,1014.80527285851,37,33.2191033115605,21,51.1225187137862
CUST_494,51,Male,34361.6347070813,10.4579960696322,1300.51796609131,1,69.3618057473795,32,6.25039317652445
CUST_495,49,Female,66100.880493301,62.7620731429807,831.884703627157,1,77.1122815851887,29,59.5100683289747
CUST_496,65,Male,57341.0689150306,45.7250001949857,1657.77317370877,47,65.4650686865955,16,32.9191710367321
CUST_497,42,Female,58520.0556592787,59.0742378543719,3786.19001338629,20,15.1595074800099,42,59.1058988940585
CUST_498,57,Female,50369.0076364883,17.6334065667415,2601.73543892465,19,87.5883083517057,31,56.4007889030727
CUST_499,62,Male,25472.114652727,73.950500749474,1032.35755801206,29,53.9094552736009,41,27.7160091384441
CUST_500,18,Female,22323.6115153438,86.4169106767796,4390.37208997868,10,28.2472426370004,13,12.7109734017156
