Age,Gender,Annual_Income,Spending_Score,Transaction_Amount,Transaction_Frequency,Web_Activity,Product_Views,Time_on_Website
56,1,132107.2821370769,98.78451658386712,1091.5316024529704,22,64.58223862864843,22,8.16822807417816
69,0,143437.68107549346,43.34954023985037,487.615632045607,28,63.69023174547432,44,38.44371613275545
46,0,39119.55252077493,39.04833806880848,127.9565443712186,14,34.060416658129164,4,35.34648464709011
32,1,140456.39127099427,68.28508098661392,3213.4377872118976,27,7.171188884765101,30,7.986487311379981
60,0,83975.11810033995,22.607134898641352,3039.399240083016,41,40.9628894895232,40,13.501765495966437
25,0,53571.770478864586,95.04615721107233,2738.0200894432096,40,31.12174950633936,5,19.349147189228137
38,1,79687.64831097398,78.84815642713966,1167.4160096187172,28,67.71206397350093,36,10.848933178232588
56,0,147404.234787112,9.851689228913692,1960.6209195685185,26,60.57792494526903,9,15.380039468936166
36,0,84040.35221907304,42.34049680270791,2976.4369125790035,49,36.459372819754,39,16.788447132840744
40,0,62737.70933737607,88.03271244865431,2488.866625707255,2,21.78925542549901,6,20.80475614930452
28,1,102342.11106117436,94.52847020684962,4939.049745872288,25,98.8035966155592,38,45.21403671526839
28,1,51218.930441165096,47.27274961373711,690.8343652580983,3,45.40016211961149,37,34.742820027185445
41,1,29862.23265412631,61.72772753186006,3478.771324697493,8,68.82742357802371,20,59.188553645132686
53,0,36754.3638483844,17.53636066311545,2027.5506528404176,44,14.05529675783608,19,25.46941379108079
57,0,36645.95906451042,99.12569398756068,2146.716078478817,33,48.55896996593978,2,45.478039356378574
41,1,39747.350156598266,23.93549843696089,3590.8128506343,42,2.7536719869465487,21,52.41663686121549
20,0,38047.53244442332,94.33044563937744,3465.2563951086045,35,50.545511791044994,46,41.05973108924447
39,0,103313.7168244179,65.31501825024448,4956.367408573919,6,96.40174071177024,3,25.300019684632264
19,1,43644.41097188883,61.165942693007054,650.6875043760849,39,38.420671298580025,27,45.46208321399942
41,1,64936.74683210222,51.75616259063435,529.50715042699,23,3.899601257491159,11,13.016361128588407
61,0,136582.49328778154,23.83631136005811,3624.450697472418,25,3.095579091934353,37,20.32557774562781
47,0,81615.01323417341,18.47627516854532,2896.1507158619816,43,38.79867599468695,35,33.25443005085804
55,0,106782.50600773354,22.82813469794736,1378.0617261334312,19,16.002493646319405,46,34.94915384988275
19,1,42401.583256211874,19.4573879522812,406.3026512550432,5,2.335209632818591,40,2.3063470528851377
38,1,44997.5724451272,78.17886288310858,437.4346654861884,11,75.62136139501769,4,56.76173713660452
50,1,25312.920114642253,35.66240065750628,4472.012464573951,12,45.85230088818907,12,42.10100900182601
29,1,41961.55819938139,6.72642497977624,967.417950346527,10,28.924477197265453,22,30.24652126368157
39,0,56216.74407415462,96.94116038394031,1623.6240949564483,8,90.00831830164807,49,56.05450683009019
61,1,43011.362955977085,88.49480261137914,1141.0154471126702,24,11.61389602005256,29,26.90663834979888
42,1,31531.32938841723,92.84747603632609,1781.4315661013673,28,95.59188289553192,36,58.845698645951934
66,1,35682.6632430781,99.49587444199707,356.4249753030059,41,31.39667173773528,24,31.22480067736562
44,1,79901.23984425435,18.215629672729243,2600.108356632269,36,88.84036723086813,47,7.742860429880788
59,1,46823.38339275302,40.22795987136322,347.38669232515235,37,60.29428764794616,26,46.12325737509736
45,0,67355.0819362498,76.06560909470504,4003.778974033584,21,82.67073597414874,13,41.05496577959259
33,0,85444.2452111314,69.90604118732543,1176.2232887330608,8,98.40131632104642,47,46.60621655702962
32,1,109751.32772181748,16.23569472764565,2704.659453876508,9,28.84054378187457,46,57.13507969481518
64,0,25110.57817934286,81.76747937407116,4401.594646931677,47,96.1135485407593,35,46.81286885641007
68,1,123923.35185817556,23.219616611829405,3257.878071545499,15,38.94818949024204,38,37.06885953078216
61,1,101627.050633818,23.157943867439684,2669.459354891163,48,38.55119047369223,15,51.581225239289616
69,0,30628.67415335335,54.160467866447945,1628.4254280457242,46,34.03871042545057,21,40.72153992191736
20,0,133565.22113388104,59.70105354932861,1671.6795461604077,40,54.14076073475852,20,25.079024352729466
54,1,139713.4120691357,58.4285345759433,3350.739906438969,18,15.41450431784871,20,53.25156609026463
68,1,27940.13478113229,10.057196902377733,4970.755412493626,42,55.37114853580112,7,14.092127186278
24,1,55994.09425913649,87.86862540040765,3312.5775573483998,20,54.1704812410004,48,43.163835219614725
38,0,124806.16637309798,27.2944042162819,2793.339252676424,6,76.190181260487,15,53.012243841504656
26,1,117273.7597498756,13.821977206997612,3655.946046093838,12,83.36499619375856,30,44.14767466249448
56,1,43987.73251632905,88.98605990702875,2331.3760052957537,2,44.044135031242405,41,42.13924972417756
35,1,47215.41203377234,95.6094983247456,310.1102895779182,7,30.233324935149376,9,45.40565935023832
21,0,68161.37336287966,86.35063410927961,2815.86111123077,16,25.933489731709447,31,28.43825964973802
42,1,82987.98807483277,81.14209139776293,4788.550169681847,3,19.462383670487192,33,52.57607024726453
31,1,100373.12029893848,65.86895608326316,884.7616823647217,45,5.764758219902488,8,13.00275203302938
67,0,67958.77314407041,55.53487969030479,3453.124405195122,3,34.244797883471335,16,8.515798544020019
26,1,80129.51309730922,9.611689231229605,1012.659106408692,27,27.02476921307833,10,17.845018026992182
43,1,117171.22195738836,41.43686809399917,2683.7801455206754,43,96.64173858664074,31,32.363066409724595
19,0,24768.81637577773,37.89616318421909,492.4154837371309,40,55.77088262500439,9,31.123145929150947
37,1,52816.8027647227,26.71562459227229,2257.350971928344,38,34.72770390305075,21,49.41532670291861
45,0,112735.44616499182,72.6185912551699,3783.255011187278,33,58.0467600993696,16,24.869550727837023
64,0,136376.88889933593,50.09169777279831,1744.3819059525206,28,13.91967013456955,3,29.57632115119901
24,1,86518.0674750366,9.023575374857144,3327.909505191218,1,44.40437492022029,47,1.7886933123043425
61,1,89174.75308449104,22.79813699303132,3979.2953043407488,8,62.62343214210638,46,25.174614950133407
25,1,33932.36147417089,68.64261760229999,4636.617319202469,37,48.889783179245136,24,39.21867974407019
64,1,78163.60768704911,8.536955089539719,1180.8639884587133,32,40.177880065432426,20,1.9149915069689387
52,0,89240.24463915301,85.2694844908281,2002.586419888448,48,99.3848388899698,36,17.572035945988382
31,1,51521.165472514855,50.01950617438346,770.555906518783,43,88.0314762148927,37,13.269425198074009
34,0,55001.62002341953,48.57807115533815,4962.492675770292,37,62.34059581594401,48,3.477140305665705
53,1,69046.94120360095,59.64837068129224,4635.734829942234,4,56.93773611822828,0,29.27634530495771
67,1,22609.25571110443,82.64341562658977,2704.3860800999923,30,62.06604798245841,24,11.721674300461231
57,1,61870.291525813176,35.43311158231711,4211.746138938343,6,20.131210782243325,35,44.84181083825143
21,0,47488.240909550805,68.12359910334729,2609.5803065874907,46,39.51377432643186,16,51.02774514203756
19,1,62574.6557831289,57.00746443558332,3121.6925831337708,19,3.945953289089932,40,33.18952577747972
23,1,35569.07713650266,27.43579874677271,454.7309162589229,32,47.554603748682666,23,58.92073320874735
59,1,135768.54649618635,87.98436864916064,3778.799398279072,9,54.30245839576632,1,27.578235716765125
21,1,97167.01896202633,79.94517613908589,647.2902833398218,12,22.77497361032096,39,31.288724403270017
46,0,108283.30148878365,66.18673163118413,4132.077474960117,11,96.40288471655136,14,59.36384748350726
35,1,122592.26101895398,85.20759118032994,3912.3201574752256,46,90.9454610937242,31,14.66135772193788
43,0,84797.48586077744,86.86212589502044,3546.6360417374526,16,72.21432354559059,38,56.61021044093741
61,0,31299.63745136508,71.12793469478845,190.44029881856292,1,53.33866287653626,5,3.527415752027681
51,0,89823.85043641122,83.86431950800353,1522.6104961671897,45,86.99691596476849,0,27.33682652552849
27,0,96289.34534271428,70.04967470525908,1322.931723855106,21,13.065234382346292,46,5.130207215850881
53,0,116907.1316439629,68.33393640426974,1807.0806732828803,30,79.0509794274885,22,44.02484983190494
31,0,76115.74100985832,62.24252644330325,447.33730635155433,13,12.48208139668483,38,36.896127216921045
48,1,36585.43936342328,75.51894731620648,4685.419536925004,34,79.42106625494054,16,42.69142154458819
65,0,56890.86775383418,16.701905424014296,2773.4731811547576,4,27.576756825135696,33,23.094343598113
32,0,67200.69853182256,88.20620516069391,1534.5663101835376,28,87.7090581018189,40,22.79943410785144
25,0,103969.24137310816,87.31250924677796,1990.9377702006743,38,94.4042093825398,28,3.6738374586927818
31,1,94201.17960695854,3.895481020421356,2241.54067711913,31,14.879596940511563,8,21.64675143224875
40,1,66292.57436672001,82.7558583059115,3006.9657234694805,27,46.26756050653936,12,55.82801573346151
57,0,148246.98234308738,13.758116879871077,2583.240344205524,5,98.09873781626852,5,23.37436569364649
38,1,98750.72651639533,34.17676657165505,4597.765946339942,25,48.34074359731466,5,50.05069466709623
33,0,50839.48292567929,74.60731737286918,2489.847779700093,3,86.35475225145451,19,50.69720478024611
62,0,33231.72144065249,16.915229708782512,4960.86849396833,33,58.87315221313199,2,23.021228226374795
35,1,39871.68809396317,81.97873538778715,4258.610539148028,4,37.53299079196019,16,38.28733214337515
64,0,51974.50468998606,83.38128361781645,1050.4674666431056,25,28.57835555258702,48,6.62692453411046
41,1,40888.57852374224,51.23930564232278,4653.670121073142,20,20.322309108608728,11,7.117036263322313
43,1,44253.71312666976,1.6322012999665243,590.6683254485257,34,76.17981913776973,47,3.870802156041085
42,0,57062.37193020013,29.416775184316364,4089.074045371046,26,38.65405068230279,46,35.27989050913146
62,0,42538.56738831813,62.07576491919848,1909.310234448135,5,51.12754622007512,44,26.13818767993973
58,1,136579.50520143527,98.13743162471492,4391.091859020897,35,49.23254800011819,0,33.33390904319017
46,0,30430.386936013485,63.54953917465017,4341.6028836361775,28,57.72790292331312,16,31.743318239994885
32,0,88186.4806441331,26.72055452535182,4031.5677465869294,29,86.55771456245522,2,21.66197647435309
62,0,73351.587508656,63.76656460686152,3952.251877172236,9,98.07393435834294,25,40.9709314745849
18,1,147709.22019811883,54.45855259186969,1530.3489040992235,38,40.758420857381694,14,45.75161097406705
42,1,34565.057281846806,78.20469411996322,413.7872224257484,6,82.7518922106303,35,1.863067273782867
24,0,71721.22787594641,11.591083243868882,2020.871092038156,19,76.45277946547176,31,13.22729568636382
26,1,146031.15632579796,76.34176234770078,875.8873297826783,44,57.352895145557326,31,43.08091621691688
41,1,132515.92636621743,54.58539128893492,3477.805933623284,11,95.60471436119332,3,23.81059018539622
18,1,126219.3692234064,96.33620838204048,1737.0376354235498,2,20.04745155284028,17,40.08655286955488
61,1,53527.367515842176,34.84534443782992,4878.294902290975,47,10.92642103096214,48,21.47079692433895
25,1,42215.38636070855,63.62956742026086,3208.4506659532067,44,85.39619669554222,18,24.05455398744859
41,0,106923.61859017603,93.27078244549172,4114.178012535461,44,43.91498166337483,42,10.36205354769141
28,0,140818.87858658616,11.148463071077249,671.2981169818237,9,84.69688542070605,34,16.235630160303444
68,0,92379.17609181088,93.78562023640866,4311.4522665403865,21,89.30902051954149,39,36.719293692947645
34,1,94309.64963108698,69.10068650778052,4614.558380661838,24,6.245759361907144,13,26.556623567594816
25,1,56397.28217583694,7.715868851412019,2440.4389749064903,34,88.34647629860606,32,46.68385829373111
52,0,120034.0813149518,30.79539312773481,3035.202159377377,22,44.831905536942216,13,51.302512341362224
52,1,44315.68731247804,71.10903677588287,3826.400906505947,3,51.04324890042322,33,32.95713867478883
50,0,62078.30073255168,7.667709545408398,882.4447500294586,12,62.65925110932103,3,45.737770231307486
22,0,75306.73702013418,58.63487555745105,2517.8047215525776,28,92.63826067300867,23,19.10736627847963
59,0,85989.34922897915,35.24242263834272,1999.3285085838424,30,1.911609442976403,28,25.48330170860461
56,1,51513.26521396043,62.47063625898024,740.4062208896231,26,47.68434683178171,18,43.05388289679303
58,1,34928.78721609646,5.528461347438772,1843.9967672347416,48,68.77220424305607,5,23.78650757620481
45,0,99380.60551741224,87.28214380908526,350.1798238336129,21,72.27069576982285,32,35.72179117438034
24,0,57521.97192123325,97.3754079485623,138.80141567794004,28,69.2532431537108,48,11.936993965868178
26,0,95560.9687849396,96.91890767328346,684.4797828825656,26,13.443512940812186,39,36.38650758325938
25,0,40067.1529856463,75.21553134254955,4815.944406829977,33,29.93955883716812,18,51.82930872638672
29,1,82548.21324112627,13.878537772932566,2752.1523841161347,21,35.87155254170135,0,52.249738749582114
51,1,89236.62623170616,76.06805639697323,4829.452584154567,35,80.4437207679505,4,43.73631997344284
50,0,26737.0597869155,3.4341047294213496,2168.1644128673584,34,27.875987241455302,26,44.99944936549144
65,0,63758.55616520967,3.190231601370728,1565.9625040954452,41,21.070496386720315,15,33.91771926389134
40,1,37473.90800206665,33.037411695804586,2535.647895572818,47,95.74480190380962,5,35.49541731978366
41,1,28238.746161459807,49.37567585006191,2203.1633262782216,18,0.88632851134689,39,8.885384303220562
54,0,148694.8302106929,77.27033436297152,537.2667744661021,11,99.7820855681978,12,27.187692116856766
52,0,61905.99984671399,68.646242284044,3207.723310304129,23,67.68212988573956,47,27.595800749295464
61,0,125283.67796110253,45.144367931298085,1088.030530722902,48,82.84692994491171,34,57.55137230439667
57,1,53103.2851192893,28.08903996188492,3101.7438949401694,22,29.46193963461932,18,26.43412489477408
39,1,108595.3538891108,99.7153255156134,3254.503451066785,17,1.4315277667059978,11,33.4112160492627
44,1,118829.62178565926,43.19194892136132,768.604017111954,5,73.78695185615301,15,32.46183255746705
52,0,97433.03627901975,45.68731540863787,316.1346392822341,44,83.41445970006758,42,38.5689413056153
18,0,81304.90451152058,17.19875829797525,3906.0003144815146,11,74.04761319535191,9,45.14573704858186
52,1,73539.31883914491,79.68614532624301,2304.4041146089075,30,14.28502873008386,24,14.277470694081456
54,1,65352.87465058939,69.67454035236737,300.2373395723242,15,75.34279222569691,19,32.19474072680771
64,0,140838.78875221737,22.85619166608728,4974.382922677138,27,76.8922782107641,30,49.7291447316458
31,1,127980.52301240478,9.155723515968427,298.3249993718695,35,65.85405156700548,3,28.323768116413177
20,1,145453.49838664662,68.3694309053966,3478.22579200418,33,76.61159327955862,43,17.42899523604081
18,0,36158.639053120816,65.7966102138324,4918.557837064433,20,84.59214396777321,22,39.62783544602164
22,1,115012.77177647376,28.052693172822725,1203.5087200374687,16,61.360411423745845,1,49.60227635214825
43,0,141984.25938673492,95.13549266279064,719.8243497491089,34,8.860471396967906,21,4.725277282716087
31,0,43560.29860153582,15.954731286309125,615.7108477179202,2,48.76278096672109,36,46.8306385210264
56,0,28644.514757681078,43.80114530321759,1523.342986362302,35,7.764933467160507,7,49.4772280447445
44,0,116345.68440770768,94.41797609659228,514.2185969431271,40,40.75430310324308,6,28.229852727727803
26,0,94681.50471338855,42.55300437568611,3463.885095053718,28,40.71064891256276,13,59.015033752289575
32,0,129437.74097857536,64.21406881874447,320.8360726690128,47,6.600984414024158,2,47.41579210173124
32,0,38170.408961417634,40.36184539831663,2552.0164194674508,39,34.88205339694793,49,46.64609132884428
43,1,123384.75054178572,28.14730503251833,4983.517300726354,6,11.099809879131485,15,45.12247589031224
59,0,46211.55160620679,98.413787148023,4071.711644835034,9,80.82352100092221,18,9.885878089878164
30,0,41275.27257254159,41.524066625189256,3079.944996772744,20,94.76880259644707,17,13.816622300727635
68,1,41354.55373102908,89.51582116423431,1538.2055677251922,1,7.231647525793861,15,28.37541775640108
49,1,125894.71363007968,23.765505983217533,3123.240223095276,8,95.51152072917014,7,16.57625664760849
56,1,106475.63869050602,22.097365698483248,2639.936904919142,23,52.25765993367452,32,25.499217367708383
66,0,87998.50521998551,4.082274205566625,2136.1560856129536,3,29.95656779538739,48,53.41938248545232
69,1,66647.96293605532,65.51501571221262,662.2447799335954,4,7.686207527616351,11,49.63528662087688
49,0,134036.07030570408,37.48410802865235,4434.155034049929,25,50.06242680704178,10,38.17235283031895
21,0,71017.8639649426,86.57146673412407,2254.4253976183995,47,79.45155444907486,4,51.62910326081511
47,0,126157.92713130504,47.84778076246416,981.1663339856176,38,70.70864772666981,26,47.2425709520177
54,0,77087.5381141284,96.85114936355744,1845.119160877675,15,5.022601146397376,11,26.31011097861254
40,1,69002.77582523799,19.367026054608992,2076.507465119346,21,7.290183536790352,16,12.862843970946765
56,1,80148.37213704883,86.99369362760547,4139.414098878703,35,40.28732826326371,5,31.337861360551013
62,0,59179.12364133847,77.88308842638243,3670.735759001396,46,29.52904940479433,32,44.437504069184456
32,0,117189.21942291265,77.32126261976114,3848.8314192702856,14,23.238432305604785,4,26.74875632504599
60,0,85353.6507120223,84.63353958357187,65.04600949894959,36,28.10044989087136,27,40.33954267724994
46,1,50187.650369086245,76.3413751033569,2086.60845091701,12,80.34827432968846,13,6.565318151171574
53,0,136944.6945256939,62.995811841510125,2411.9073166602648,17,92.9228053631854,4,45.1322794459128
30,0,69905.85877851749,13.99324289055637,105.76946134705288,39,40.510269452756646,32,48.95010357369066
49,1,90661.87194481851,4.22009176963394,1306.4679116377208,9,90.61110021324971,49,42.703433491051925
24,1,137841.37442539108,92.163936933753,3803.8462173794537,35,32.1495701247882,47,58.06855166405557
68,0,101150.93946881898,62.048381137553065,694.1774315877053,13,47.64369863437916,40,49.772471390177785
39,1,35196.74529208733,79.85719180664145,2681.197555948432,15,22.602899781599973,18,54.28252994471576
45,1,142178.17606975176,48.67071279974246,1083.8573413660151,18,64.0476042175844,21,56.08069392400124
19,0,101602.04689928432,12.613510707277053,70.48266547302742,33,97.89811151748088,4,48.27953152055471
59,1,63537.7299054212,13.393393428052493,1213.595273421712,6,60.34930960433786,1,40.78127167838345
62,0,38105.36944624034,68.87096343566816,4879.610037001168,27,35.78140841135489,29,1.337396300286568
23,1,123223.27460513847,43.6002835950468,4009.670188296118,23,64.78174459905284,46,28.48371944016436
45,0,100609.45827070676,20.851947943333336,4798.287455161957,27,12.292067846538757,38,34.698575618719296
45,0,89349.9419569218,49.66786012740225,2444.3916791925485,34,88.86590802653987,3,18.93778607443198
61,0,136206.0357966245,7.356684770438274,557.5836314007424,46,50.30839507798363,32,19.76816236730485
61,1,122517.637459189,58.61516878952548,2744.317849978728,38,44.93497420396421,12,57.70840552689975
37,0,39717.73436525765,27.63034703907467,2277.3428994542046,14,58.58647884535192,19,53.610941046962
47,1,60523.86881342127,79.95835096308163,4223.341842870684,36,62.47838627894025,6,51.10156132460055
28,0,52303.58817588055,31.725833933433805,499.4320781133805,8,7.177580622651303,14,24.95469630066053
45,0,116713.018034448,46.06679475909832,2446.323273738673,35,68.26172212234025,22,1.808214474125958
42,1,24359.21651565132,2.150433450901963,758.7428368229814,19,24.19316803155296,13,5.733112540887131
56,0,94085.65903327116,8.17224189166133,1630.1328751813992,30,71.39526325065899,22,19.419585724838612
50,0,119119.62914628976,39.8568620842618,3689.41181616512,14,82.25347943841967,18,1.928831866744942
18,1,133979.53277902742,48.51394463699523,2385.330465550145,20,80.39585075525203,28,2.0118371329966886
44,0,64470.62733306797,60.40203426381107,1885.6825428773889,49,55.25009674078891,19,55.07959479690225
69,0,126763.44960736168,29.87459529222102,1978.4366300644765,25,52.01698923107512,28,42.66335162502419
30,0,34382.12580417694,69.80320672652772,2302.6393743458734,40,14.287596133941172,23,19.22840341402101
58,0,130038.79792548736,86.15211732173125,3927.2325537469137,24,77.53461504031355,17,8.826030078456236
20,1,36573.52610315771,78.20524790044163,4461.50259781177,14,27.14093804467144,9,31.18650735580955
56,1,71647.34777284774,4.922263709487357,4777.120085654602,26,49.669542281794655,40,1.315423490407503
23,0,123648.39755134196,48.57018777852507,3936.6478974139222,38,28.42740929275167,7,56.3664108876305
25,1,39489.26555534059,11.388087663399313,1583.8804097825837,23,13.382836299969314,25,25.474092043947884
44,0,49802.68138024339,24.96245657039022,3443.792183371845,22,62.95576968917366,28,24.737762359002637
26,1,113892.83389109862,98.6795967334475,2193.6395890364056,48,5.433203482290383,9,24.04502284732515
54,0,113604.74975098966,15.107058747249807,1280.8064040097954,19,74.86452341262,16,5.090371492878121
50,0,103349.19227508864,50.38992719168425,4205.949181335353,46,31.758679526111667,1,38.66101214771777
68,0,110213.297780723,62.19741769749379,201.74748132200173,3,0.013469300448532,5,44.24721355807285
59,0,90554.1776351875,70.54403208386628,4509.792340755764,42,51.11291392372298,4,40.89139845770912
61,0,52733.87765790385,56.4052196652045,2312.7725484774232,19,4.6851908527603126,27,9.167694106434263
41,0,64940.47915550953,1.967313894499182,3189.635369273319,9,27.616955782089946,40,35.15156991409996
32,1,43607.70318418534,33.319669516155194,3300.176071806856,28,70.69764874557161,4,34.599584566162974
49,0,138098.5729733717,52.25345269508643,4476.637526125616,20,6.268962162186586,17,52.23623648854154
49,1,95840.93331959566,9.698783415338502,3186.981714014365,45,83.93384923560023,25,23.36853184416317
41,0,72110.68417927319,35.71206618970889,3073.528587952708,7,0.3819922658583108,19,22.917670675906617
58,1,80060.75447373725,4.28710777034529,342.59368239784294,14,24.682386920190226,40,37.49309646437295
69,1,143146.83414953598,8.779271218347054,2596.8560295065686,9,74.09040561520715,48,38.35128655647127
66,1,39935.682405090425,40.29540434395801,759.3433140770378,19,31.62701497293068,26,28.68782841222163
66,0,96209.87816218364,14.138859650262974,3689.794505920213,47,10.189238806601352,48,27.140502377494844
69,0,85765.52825498057,57.18654397789426,2565.9873848552456,14,36.02339188004279,11,30.15471256763508
29,1,99489.0506065042,69.25703194458931,3404.336618249683,38,27.039328638452552,6,51.8016726706954
56,0,22354.323896709266,80.2580832117992,217.9477740058975,36,84.27119021605549,2,28.20884717398069
19,1,133376.1081627397,20.8148741802362,433.11216006855807,40,31.334791758514317,9,56.45597572621953
20,0,141175.3767228696,17.580775643647907,3584.4537064327847,17,78.89324717760073,33,30.73622205218324
66,1,93467.31386659716,11.352216193105624,369.7008366333801,30,89.18721448107347,24,57.00284089767259
54,1,110564.607103996,64.00659470482003,365.5710715486404,9,43.38174195765296,34,50.137082210275466
66,0,139924.91955304844,70.94109692220322,70.42129142208837,33,90.9943143854392,15,22.38344803433392
34,1,111941.02246074182,4.127028337738562,4782.941977514406,25,37.73180539631929,1,51.95484385650035
66,0,39830.075578853975,93.6850123781253,3690.1667137004447,14,96.40784164901082,23,7.493733767865798
19,1,94917.48682168571,6.145157081495769,1772.7245284253002,11,8.928952452557294,9,55.577783345237854
19,1,98872.95602977126,54.58833719480597,1489.7125506253997,35,68.70192665032427,37,38.2669673898906
45,0,75136.9872693102,71.19699142564073,1755.0191164317894,41,49.38140404569287,21,4.20905416281636
40,0,115737.75063121396,87.22594325086247,3875.521120594097,14,38.76488054556471,25,39.01114669539788
54,0,141467.71191997192,71.69460628111035,3310.239349241368,30,63.27118787486009,42,58.48061159454061
49,1,140323.9066778809,80.37108022390939,934.125883658665,41,70.38570916343312,38,5.118238622263107
50,0,78609.11828253718,34.6055690617378,878.8055833170808,4,0.4363269650309087,26,33.726574877025094
18,1,34720.94595929818,81.66768626090472,500.9942920698526,4,16.69530887471987,28,45.11986663580297
36,1,148029.35586510348,8.93136979208284,3304.9105713096774,28,71.30460506343186,46,48.80525661527235
19,0,129056.75123797145,89.58684894999223,3824.2195844864623,8,66.63854135782064,37,25.415820453926955
61,0,36206.14855642469,55.21164523921989,1332.58167734177,2,96.60475051286772,19,13.045826990926336
43,1,139709.4447402584,81.91247922628688,114.51535554425492,41,76.1037790250783,26,3.498194447570646
49,1,133086.52706807666,45.77951016731171,420.0366207073725,46,95.0772707731338,40,35.20384326873626
23,0,87448.94742638938,64.71419182445598,4839.621573876702,22,70.25405015348069,19,27.72175314578904
49,0,96865.8066468408,53.11386343267521,1484.269439612327,41,29.805220863944317,43,56.97591931383295
21,0,71870.35150311694,73.42736265377786,3848.423507712287,16,10.536492225085649,18,4.575689555179677
28,0,27119.013046864075,9.081368221028368,3127.0712085827763,29,78.18238633449356,19,41.43832526331434
34,0,63575.64141396712,6.974856315065816,1915.8788018679504,49,64.4149221475916,34,2.473007105083373
55,1,124370.94831774148,25.463220167004497,1036.37943835582,48,4.818601239329623,46,11.11461642592202
41,1,20602.16299059837,16.794923331205645,615.7182266154381,30,36.005046590097834,1,27.761160995447213
22,1,63354.89231984875,87.30657309262797,3078.914710513945,12,95.6799815484286,29,27.837474125369223
69,1,71761.93016682263,22.70218474844639,3875.422565382562,35,50.04011457102012,33,41.45633203308499
51,0,89861.42838192997,97.610660326094,3223.082225170242,11,43.27291360197047,21,54.70256905719764
23,0,139581.23013365886,34.352683385339574,2656.2076449133,46,45.7699605159294,2,38.70289737598033
39,0,65024.97926757496,19.02967365318123,219.33660492386497,21,20.88827240051637,5,57.25857077323902
28,1,65103.9162465096,79.18015220710544,4842.759000195975,21,36.87071708647952,14,53.01532275280186
65,1,115875.16225426728,66.21206977458674,3995.583816356327,5,36.98132559871766,26,35.48548793631662
33,0,78788.33231567492,50.32137592886076,1471.181963137814,48,5.2355020187472405,9,50.19372510421081
50,0,49198.62698219766,55.98099154282549,4900.0519435006645,20,76.75676285179182,8,38.912079009094406
26,1,78817.13709725015,72.20097604895412,3013.389132285248,37,41.6504431903879,32,5.634912024499902
23,1,38311.41264937398,23.61701939179857,2916.28906445416,3,82.21798868164232,31,44.69331867231109
33,0,42930.30824580903,99.63705768961744,3742.885165353365,44,85.03480011198954,47,6.599598034773426
46,0,84787.81045613237,97.50452305253152,4060.7312425697855,33,21.199405469865805,5,36.05088405361303
20,1,74460.30843559123,65.38224294834676,3285.828250584198,9,65.73534821701286,40,42.4557721456355
37,0,138929.967138853,20.754702641985368,649.1977743673381,9,47.22818041629817,35,4.92512888444046
53,0,67111.2068851623,68.34259600069784,1697.954854912547,4,88.0156737921485,1,14.616884581665374
36,0,95476.48553614564,8.14764248893841,4641.137365226989,35,21.57406791764541,28,55.02466170343734
43,1,102194.35742953896,4.0345977183748,1130.8319031008211,17,67.78132003100443,3,37.36255504174088
20,1,21702.279356483374,26.510605962610157,1867.1134489491917,34,60.775212225272256,0,15.530875109821364
36,1,106259.85836217238,46.79967271719232,2166.063645891538,24,29.53014775718328,18,41.75010649773239
37,1,43144.675693067686,86.95897803542967,2202.630898575316,32,13.66009036511726,25,36.20980877773969
49,1,144939.14127102916,72.98973790686449,3068.5685166476824,1,65.16397604772766,24,30.592966295158952
24,1,39326.15460790468,74.52794559879813,4715.948430346091,8,73.85974581323308,9,58.59503152429694
69,1,73901.13608451308,43.12384011035946,1211.0566320441997,45,31.562734376335,14,41.32377286704303
58,0,31095.4568502237,35.24756426214933,616.2918677415811,23,64.48326040223138,21,23.151025470406847
50,0,149593.65273997316,37.73283753547567,995.3777444010872,47,39.51309076115032,47,48.20433249253521
57,0,85285.35134306154,98.77730680986971,4435.755252044255,40,71.32068832826177,20,53.19041428235008
56,0,97400.0522516057,4.970809949835766,3232.595955149478,12,19.92152748940531,21,8.388013011493054
35,0,28719.94206049557,86.8361181161224,1436.674878303409,12,89.02150026361744,35,12.832625692870725
57,0,117494.86115189311,58.28886544866695,4081.5752254534,46,28.74095964655797,33,13.757393538539002
18,0,47287.72710242615,44.42292649976945,4308.236281853546,47,36.77859877561529,29,41.78149675380588
28,1,136747.0576272928,72.80050838109851,4234.106550064487,15,5.8091952080349785,24,36.57933374814372
45,1,46668.15326266093,49.18022520104558,4595.443402861377,41,11.15122123212764,44,37.5205023172167
42,0,44789.40368627665,87.4689005700844,1268.6826906650742,19,51.58619027123281,27,56.50562468168056
67,0,24751.456820252333,90.1694845371146,3777.659224443929,26,26.75926767279715,0,46.77878043563105
40,1,81368.7028642999,42.750371760472085,2308.0920913979585,29,83.54802257421944,48,8.548278546195208
48,0,93429.34732414014,28.405951926270102,4211.572778921407,22,1.4693388654953845,44,21.50291786308568
47,0,28542.12312568581,59.64268253074286,3645.1684790364498,40,37.90940486719362,3,26.6882251243684
59,1,120818.59017035138,91.3239712160524,3884.4727580336257,21,33.73455467690927,6,24.36173373610869
52,0,78927.54851724359,21.85555671156099,3284.2475700285468,38,1.9327630917601035,48,40.48920794055087
24,1,88170.7350125854,62.67369177278479,895.3695596538373,20,12.436839900051025,8,53.62169309213719
33,0,77299.15710196966,63.52446178915953,2729.6843252957224,29,41.36426749186353,35,19.05703634784449
43,1,72099.19791379238,73.57818921911282,4923.502000227296,4,49.28645844474466,18,33.56075104884995
65,1,92753.24307006832,14.02520082759872,4687.566451820623,7,40.42897472548691,0,47.57515589290156
69,1,40181.23197099262,71.86667150352677,225.43694162708823,28,53.093767841209385,9,25.55686547187561
66,0,43650.65696438524,90.99421954589846,832.4259304898912,28,59.51316749056815,35,10.918969575558457
19,1,132032.13073175726,18.788627778153955,667.3265795382639,4,0.992382112783563,8,29.022106950561145
18,0,142995.01007737225,24.516789167463887,3632.639750826625,22,46.40951594535039,44,4.25812872383868
65,0,68530.2111163679,97.16811431012232,4090.748795986156,12,96.34992408875884,45,56.600623786134335
29,0,55196.807508662,18.91671831823949,1075.421717890253,45,51.90322801295487,41,5.414451106503409
22,0,103719.94062107203,85.58412424358833,2534.2049378296265,3,67.75422674589532,31,26.868946199784112
54,1,73135.44224275253,49.73550778835544,4205.108109775888,22,31.18638579168832,31,32.26299440422304
49,1,23300.22623584483,25.475876365914527,3666.6797083835904,44,77.39913781527625,5,59.132926104949846
26,0,40299.837657604745,87.20424022597862,2715.763655404323,2,77.2921481876115,47,10.795287594928784
58,0,113076.38975016167,45.08522024526388,2955.8349753892767,24,52.129604765413895,37,7.751459598129156
52,1,105660.11244831968,51.96691803903933,2546.719129112237,34,97.60138232792136,16,1.5136626766900712
36,0,23522.479025452853,36.564103570576805,1494.7667720809147,27,12.555021476265338,9,10.178714775288835
65,1,48856.38105128343,59.70213429205781,2829.45974436649,41,1.6947664889580991,49,13.22910576499239
33,0,50039.72355644928,17.188863385917255,3447.5376572299524,1,77.0158211757096,26,38.20427555340245
20,0,107346.0566678347,39.71707212852431,4367.881350145431,8,80.71555373648826,49,13.962700633092624
37,1,22562.36990806734,96.97181991119346,3185.093856356448,23,12.020722912057623,34,2.210728069030188
41,0,33534.1156579946,26.555209837411628,3807.996469845358,38,26.55828329586061,20,49.77048238464683
50,1,123989.09109851462,66.01692978958793,808.7574584233192,6,1.755236336662891,24,22.57014635923404
41,0,43210.80606706337,33.1938163582448,2313.171797354752,22,29.33086107805647,27,21.868104508263304
69,0,104856.99402074372,77.57383944297347,56.564782937195545,25,77.31418739186715,46,18.846262720907667
28,0,50963.76153607445,13.956492411116631,1240.927533962899,18,51.79605277125789,14,58.54702335163883
66,1,32927.38105871487,97.01228346277593,3635.043958413894,17,34.80955931682881,3,11.036809621247608
25,0,51612.38482992903,45.92516459698029,4959.131657233324,12,37.17392949063303,28,53.99604577324087
53,0,113894.7011412357,24.36899587129993,504.89871694020735,6,0.1353625715468154,8,46.83139659625339
55,0,131240.54085381713,8.276177985671254,2013.4566361478285,26,29.98005275652359,26,5.512317374459472
57,0,127928.5823937089,17.806032603666534,4002.3541338088057,27,64.64587416379305,25,59.21701698855007
37,1,71633.85885039912,52.45762090704575,1028.1378167982052,8,97.41944438163571,18,17.01059184880162
52,1,106851.067754184,34.36331446669735,2779.873897018409,19,84.70608269838995,27,6.816392694322328
65,0,46647.95840405673,83.05945322237834,3668.025767188077,42,2.3594964645529126,16,49.92953981341981
42,1,58109.20493393173,43.65786484251879,3083.767396798293,1,89.85606046748393,42,42.693856486984295
52,0,136523.65640774556,25.62271298617536,948.2434257309266,29,78.3198413298626,40,37.415909546796144
42,0,21690.25005639569,62.09735367379898,1783.3689977418396,45,78.03761235709804,41,10.202870958237057
46,0,31116.10901108085,70.97094447165914,3921.121004582132,49,45.79957590035715,49,29.231270859101752
35,1,47025.21316898355,17.537148882194035,2775.5903055187628,35,39.80052929545028,19,47.05280558634561
63,1,23449.186503596564,17.59430241254345,36.09577157913456,40,30.29157288331926,44,18.913812350486577
35,1,43586.60656167365,4.630471266420754,3807.343892540188,14,6.569485895436578,39,19.389699882387447
19,1,95795.40292605998,73.9037994914984,186.20366115179297,35,22.82353634936991,38,1.185313456839205
52,1,74785.19157702473,66.7166482345587,3731.211575828848,48,24.66036349780246,48,11.280360697077391
33,1,136047.3224400067,47.98845669923158,1020.3779952245346,45,48.40770697102016,22,52.64893188218822
58,1,126267.66302599732,84.57287444795051,4790.786665795707,20,74.7444406596694,46,27.06304300662472
53,1,64436.25572072388,80.76134514205526,1846.0243489974016,49,47.38098283979466,31,59.069835454831605
50,1,53725.046346068026,58.95008207527846,1641.3887655270148,13,5.784444944716061,46,24.34676985085376
21,0,69360.0130617447,86.9588567708126,752.951371158899,38,95.77898009882038,32,43.19600083203423
50,1,96738.342526925,21.378279793640058,1534.9650352961723,49,94.27243190941122,45,17.63322353137902
31,1,54848.27330697391,12.08004232037506,4384.48730152272,46,78.51895431484084,4,22.46476882731508
38,1,101139.35802038742,27.70521154018197,4981.708344759964,49,99.13279015642206,42,12.252833267862783
65,1,73223.51478486125,6.651598752842171,1847.8645572291728,8,54.44823328002629,47,21.476679741464302
37,1,91766.13351075744,53.58578327210217,2248.567048463168,43,96.2768350253206,33,33.287013704817944
25,1,76696.44878759117,93.7239635372012,3613.1339816316577,20,7.560504061675077,39,59.51459997777572
24,1,58280.548740449296,4.895010526182455,4432.1169445207215,33,36.568074826137135,10,40.18790107123535
20,1,143298.92990508035,13.088881486992651,2969.291227592053,26,22.538126800676583,49,12.75551131009053
34,1,119268.7532407689,45.76770380006009,1963.7132339073685,39,19.583308413427,2,3.652725053901517
50,1,38214.71284963883,93.4536267352626,2068.9829858346325,21,14.08029488926761,32,8.455032397556126
65,1,132900.83686672867,32.2994543926983,3481.1345510190663,49,62.24136415659967,10,34.19075687510979
29,0,83366.05577243678,51.21624606015085,26.059135385350626,42,78.1321855747305,15,46.14445940018921
68,0,136291.78949623188,5.115713045988818,3101.750793924605,43,57.82983994203607,17,56.48473323074407
39,1,123981.18327315098,15.685976895246798,1783.9101221023734,41,14.696270958820968,29,1.933567147812428
39,1,75277.75558100035,98.67638217292584,3973.0446830726505,9,81.11237699334708,47,31.84284835215032
63,0,22921.010081615263,96.5467509471685,474.0232927174295,24,63.59547071637285,9,28.78117401716743
47,1,54928.05672004299,1.489058112506552,2945.129312072469,37,38.81657061269955,17,39.70724629656654
55,0,90412.4479059127,95.22936675690066,2410.054720531757,49,67.4130295536063,37,34.015152413455176
55,0,102352.16857739916,64.27287384373454,3215.204374267085,41,25.99049792428329,18,41.53530988436636
62,0,53525.3991063163,86.9239111574822,333.61943647001203,17,34.51922084942105,35,39.82687250020223
68,0,38116.28962946714,46.01924570775205,2904.119099266375,24,91.74858431319902,12,7.9036917666188256
25,0,128540.93078390889,52.044006829345776,2811.808093918023,21,29.05045056714204,45,48.18335690350445
44,1,147972.28349146177,49.3958114454351,2807.693871136693,39,46.99882681579366,2,8.270721967263166
44,0,88339.72369934915,67.01956149706433,3021.403456316309,41,89.01411373960147,9,42.21330688733909
51,1,42318.30716027945,14.825474220874977,3385.575006759548,39,70.77213502675275,37,25.5525766907958
38,1,55399.95244751797,3.967385397395117,4026.895108407041,13,6.220322616470275,0,31.31719334001928
47,0,22390.787951170674,31.4850642175279,1356.4053934397896,11,14.730304427897034,26,54.294582848166925
50,0,138858.84485286486,70.76339551092802,4126.99655679851,46,0.7841590771916818,45,53.50313986193571
45,1,35307.64077571835,20.983491760171887,2496.2958544946337,19,63.09217902291634,7,49.253522033646746
64,0,94947.14181685296,67.66981089916682,394.5208128803125,11,44.76734254104184,45,31.098754446923078
50,0,55627.17868933678,97.02129256461976,302.1691369274562,13,13.427485090227552,41,44.43814879789616
22,1,92043.14032705314,10.29617086315242,1677.8492102933433,46,95.79341210567704,16,31.26092627560975
65,1,104684.65048574234,67.5876097042875,3926.635915786223,45,52.96597239456199,8,52.30675886601187
36,0,127866.43448193622,44.93127171115254,3541.32786435717,1,24.18932941128892,5,24.763774160741093
21,1,46834.76532887842,86.94608318337303,3945.188673715308,40,50.06035711547076,42,58.24388532047773
52,0,21429.45772560246,18.53782915529121,2591.1725916436308,44,67.96203327351078,24,56.007042735503774
66,0,37795.13190894495,69.56996927039029,2206.592999797898,19,7.623921797356448,38,44.75455454765535
34,0,137002.42344025365,83.97341367516292,745.7881082643569,12,27.4703815047892,48,17.485537166388248
61,1,133605.71008312696,94.5168077279283,1647.6818405104646,8,80.69654908839937,27,8.767561738802245
45,1,97663.70328214008,68.64155480067494,2175.7566372076376,8,45.96648704026613,32,51.42750355549865
47,1,98067.19185637494,50.2203016368343,452.11614410129,45,54.65771420322949,36,10.752834882139716
46,1,106454.7676910132,62.16687677992017,1110.8536440289442,12,43.28160022094693,8,51.40138655084281
63,1,42798.26622104844,87.0215934633931,2995.1442173780565,48,4.389994264300512,17,29.955135396029267
23,0,138873.55297024478,57.490364917244136,3680.958940053557,33,16.574977982015593,20,24.98685024467815
52,0,74440.1682359695,4.0083189099868495,4991.754081850819,45,44.554163874189086,1,54.28825595123132
58,0,69808.00867243466,93.1639208551908,4666.2355234043525,26,20.918546540792786,42,36.6272079698764
54,0,87459.30168676889,69.26314835212455,3216.400345680606,39,4.997902865967873,37,35.02022642065335
41,1,26105.57568075716,67.9748251919474,2112.027785937419,28,84.36496640518237,39,33.96719073283946
46,0,41616.83793829032,22.351840087374,3184.5250498940813,5,98.11925291641158,35,22.899001445152354
66,1,115944.37013542817,66.22966155303307,3930.401574220358,8,79.31428739967394,49,47.35294310821851
63,0,30763.82683026644,39.99257615976169,600.4975927077027,25,85.3784921704667,42,15.915108196930609
48,1,98409.77423063049,65.47206472710772,2055.4253995844783,27,24.197713031704534,36,56.39480264243523
52,1,51895.38425857172,11.552710000491082,4200.61340532173,46,96.06269755131996,14,53.74512709777069
50,0,70608.42982545696,66.12668515570057,1925.3264301458896,23,19.69257044534284,27,20.91133921481899
69,0,57530.18578019099,99.941958851296,2863.6426334236608,30,95.14298103618324,17,44.03836242006816
38,0,66237.4531404434,5.772991847195047,2942.969110702369,45,99.4819293965951,33,34.8201684725259
49,0,113475.96767395192,97.74024423791042,930.5365031368603,47,71.17228057460487,21,20.92130881795484
40,1,58625.82303101276,41.28388811156419,1817.554853844919,23,98.1143731791822,10,59.32277723173136
50,0,93632.60323859664,87.20459158338866,1679.2113308222415,49,56.95397795671037,12,2.489003405047588
20,0,81886.55228588296,78.45616292176908,140.72157557500333,47,25.954178317609035,3,15.906115806655912
35,1,106277.25149714426,57.13460983768011,130.71690181786266,20,43.699588566562085,21,31.684369605557876
42,0,141787.86611221853,74.10647171588133,4160.16824794211,18,59.35609353787859,6,31.795227205235268
59,0,115234.37263733252,87.97304056883344,1372.623341764334,18,7.308156202701499,42,35.747051421788285
48,0,47942.24921679838,41.009891843452266,2595.213043531689,2,62.234326461724606,23,45.34889414935223
20,0,24053.807557967008,33.37628299476063,1500.6406122079777,4,98.11778367622944,3,37.78519200063849
57,0,54094.32575897726,67.0917451707949,4703.989433125549,30,19.01076497837276,27,36.416606171154186
63,1,97360.13099103312,80.9767482521846,1303.890826740211,33,79.25951162883833,14,4.157353311869555
41,0,26685.355752952542,76.46622834288496,2153.9874955672863,36,90.78987937796194,0,23.2152869795686
67,0,84527.61213616072,79.98355123700482,4364.923949918163,18,94.37015928202209,2,14.691288642368203
49,0,97589.5703591956,44.12274816648036,4211.2484982911255,37,96.01356044054472,13,16.65683658451655
64,0,63451.7058062049,81.96558740132714,938.6460750529238,19,52.14596387214719,37,33.70591098608035
39,0,120218.58648695685,12.900696481690236,4015.190115880595,47,97.73079079915036,49,12.770813580846898
40,1,33857.77290739033,54.904420698124106,2296.3525648220843,28,75.73102071344388,0,18.342996959996952
19,0,29767.91162565514,1.5701073893140354,2420.0146717059224,40,16.16714362369619,37,14.987997802523063
44,1,114664.53830646844,33.13399716012676,676.0650623555595,20,47.690010646797,37,56.96167364987349
59,1,84413.8711068058,37.27969195226839,412.201553648052,49,71.8331175372004,20,56.73527819809461
19,0,109492.31153560568,40.22109646931629,3642.417141799088,33,24.734031581908333,47,36.98655195716705
43,0,76527.55401848702,69.85125346229636,2487.3411502529457,12,64.06151835488873,28,55.5468256551821
34,0,52032.26432108389,39.46725202576423,2189.885006049746,15,66.66004790466192,4,47.36294608263402
57,0,126483.30129764596,45.42066863963053,3650.24606097546,41,16.26997438085659,48,35.80692508530672
50,1,123924.0642659673,24.51686895655842,3829.909365965638,39,56.50853124527563,9,1.379677478310947
26,0,110310.54121107548,37.95192737130467,802.9517566700742,2,77.16269109786077,27,46.57846087868484
60,0,55378.86783989515,23.499693099052,3055.02349589343,29,49.88956645359419,20,42.44681215371966
65,0,96729.98669298131,8.24639645307592,685.4168705656508,41,1.2103116776107423,49,37.29996554366242
56,0,66926.60660220348,60.741410744756415,3759.361679284938,10,0.9038469079292176,6,45.86503438926583
46,0,31905.66953246244,67.15306705694661,3288.2062297730263,2,35.702934397001215,2,31.262407721711178
59,0,139250.76481009158,62.32954425495184,4783.506959206456,11,92.6194068431782,44,42.540913007959006
43,1,37786.42201946498,46.88591033625666,354.10050161854167,13,22.86767796036088,46,56.17515311686311
52,1,143530.8559967043,38.59879223774375,294.703058544759,10,63.43636888716871,19,23.17249593491909
67,0,77980.75048453425,86.4700313076107,1418.1135027190687,14,22.207587069332057,18,42.7791882591369
42,0,44067.28074902056,52.38909672848559,1315.911361842171,18,32.16699896595486,34,29.065581262646564
41,0,90447.12315918657,48.43900588534336,1242.4242073692792,9,84.8042089601484,3,40.789579457024914
30,1,133482.9586639331,3.538564514837133,4532.210356799973,39,72.88614422699469,4,46.010706797707485
24,0,115189.23523324296,34.78353493498948,1255.2355372490354,28,9.539927731321065,0,3.6816975257119617
53,1,124852.94922198849,38.63936625979985,1367.0291333818686,3,42.87020209864336,3,39.14942619297105
62,0,105641.83767239326,40.48345530879315,3799.397329465639,20,2.916976364526447,11,14.37772988000973
37,0,109995.95338732084,58.4370645535059,2254.201813828194,6,48.0890146603009,26,40.53191973064644
18,0,130395.43470349153,53.82665212596097,3885.7856792063535,27,66.24340117010681,41,28.631480970094994
25,0,52456.84115169417,61.18260418655102,336.17712624628234,2,11.850262359815156,22,46.639611770028345
63,1,83625.24527360826,76.7234428926707,2442.980256430188,29,28.888493890916568,24,8.28064809713019
33,1,48757.22743654829,81.48558813289326,177.73186491458034,38,39.783662550215695,20,37.95301874771551
31,0,148396.8410395641,72.09418454642295,322.63948524221905,3,91.95310246560496,23,17.429773006725586
29,0,142727.71415925972,95.59684589953854,4533.12289218861,16,99.3255015422964,24,51.3259377245049
68,1,25125.485477905768,2.805025684959801,704.8344018767999,30,4.491129899561585,44,55.77462683254214
40,1,111724.7724270395,20.382020582671064,2666.7792045533333,40,76.1007923495392,45,59.78749932706427
32,1,140282.28126403654,1.74872462283607,2061.367056977526,2,37.17240664023432,31,47.96443674320972
45,1,43474.79486655336,65.0999967013057,1743.243198031625,17,39.245818622948,31,45.47031015525227
51,0,93832.87997184184,89.9050243460487,4500.16839497949,41,75.42649733470228,4,13.714544773185512
19,1,139013.47868644545,25.10474736105363,118.8987499096926,12,91.84264321454089,35,20.824416480416417
49,0,24412.97721615385,92.77641993483437,3322.3105340161896,35,95.09285945025483,45,28.47526996397449
40,1,110664.63474208918,6.966471638666524,4817.338226725617,43,57.71225860383208,41,46.62948181915273
39,1,58655.3709584316,93.50916665374592,2805.239235474591,1,35.71211593005028,48,54.98298603960015
68,1,140171.50539894897,35.81064603672381,4684.744085545129,45,78.75490858587793,41,12.159206901356091
42,1,146237.5718714978,11.040662016472435,270.7668176372586,15,25.100138326230027,38,55.41968159553607
39,1,142754.6435847464,49.10130415944624,2099.7786621800656,26,56.40740288335178,15,42.04185448888942
39,0,81647.84816547029,26.420880204330285,1308.1873769006354,37,35.85784615248732,32,37.03547311041728
66,0,132065.54462861075,29.20241729423036,3656.7966152538415,21,65.66310737078761,48,12.790635005634432
69,1,129791.42180955916,31.42170652770237,4906.672481581261,49,24.03989128935069,20,4.275976935739883
59,1,61483.06152162323,80.49956388543367,1290.085011596797,31,19.159294573482576,8,34.53942901196845
23,0,127759.01163958806,54.37696639085019,3274.331261355632,25,91.8239086675437,5,39.43942531640465
32,1,24810.99251301404,31.81946221644436,998.5071874711032,23,10.18036829495369,44,13.436105511926606
60,1,97515.0842026669,61.42304454778092,2830.9979703123336,24,50.59579077349317,34,33.83091614370193
54,0,49901.1488474014,71.89891674809616,2325.023108574798,38,22.08527829630089,38,51.53311076299184
50,1,35673.695151046246,27.989776072619843,4860.30659486137,28,3.892996332566745,21,50.26889078184618
25,1,30003.91621179719,41.9413610510098,3046.551090755368,21,3.601881829142639,40,55.71395565459154
61,0,110517.54086415816,13.066723240357808,1754.0367967132258,43,17.522177210582733,4,22.587262763855943
61,0,64183.7452898486,18.93378560393335,579.3379665907876,18,86.67703545060003,41,19.7649247805042
22,0,114219.68029873898,68.4306675425333,764.7216753873234,36,28.247874397702667,22,45.21613435286771
56,1,28496.324303862508,18.96239642186707,1134.331480456663,35,95.04591705752958,16,26.43563190072329
21,0,60987.743917979344,52.99117498303896,1262.323640088087,45,58.16222929891936,11,6.165371177639056
23,0,90133.86800879384,71.19557991052083,4254.574128627278,9,43.66141897687661,22,17.685266709559485
62,0,122794.01142906526,11.58081538637964,2810.5017135297994,38,58.00888346694546,15,25.69635484635786
49,0,61437.82538116909,57.16390974326145,2621.7206477580885,30,51.669838522626776,2,18.258469103098868
69,0,101365.87893681118,26.39971558643501,582.6966706273952,44,75.87762537573252,29,20.60012868589197
47,0,135177.10727070432,96.3297606485204,4302.097069813681,34,28.249606597285226,21,18.332778464289056
64,1,100062.2144636996,48.87101902527255,3616.843373010334,32,35.30503916003024,8,3.4484508638016877
52,1,50284.73171797239,80.79326242774066,347.6651258810079,3,89.40943025332507,28,38.58858734864211
57,0,23172.101602349943,55.47242767346992,3542.0971351765456,3,94.64565131504057,46,36.24025280085469
69,0,133112.85360712087,5.297840752627097,2722.255704539804,28,89.25582274864745,36,39.54962641024216
33,0,22765.02341055033,63.68198618380821,417.8094752764235,44,41.94479939573136,22,12.34628386598402
30,1,133711.2174489459,95.18893087845905,2296.920201227996,15,78.03655030068816,12,18.44361795513663
67,1,88761.82742353756,60.55957019448679,2428.634472778934,41,47.63357333010988,31,37.557339689750414
59,1,142078.8008066765,82.09969708325222,837.214955414746,23,49.75398521461022,45,36.37802653913536
47,1,123841.8206505765,88.53643987149238,4729.033753531408,40,20.468010905728395,46,30.8734882519018
36,1,149731.43436933387,23.579897422944317,4251.377103688503,11,59.113030325851646,47,21.674381750601647
34,1,65592.53600872232,21.99243915091444,3348.4214632722505,48,18.613589775334795,22,54.86292928170671
36,1,119734.4775610465,61.48711789624818,2316.85484939303,32,33.15646990671938,44,21.046444295631783
45,1,72251.01876920147,41.69181851086377,2064.7100525066976,36,85.50302016199352,16,27.881530229797843
43,1,82383.83063950815,84.14626898380531,3258.357601083261,33,20.707580921085523,39,41.00871602629832
54,0,101575.7102183881,90.10228921640312,2731.7050283404583,24,7.115828517343282,20,33.03826442113908
43,0,133578.02484422404,35.988716550969094,320.74279835060923,39,6.90075926128163,1,21.466272605498748
40,0,147930.85099590835,24.450185338473723,2567.388217363955,34,94.0784520503108,36,26.70304263693408
26,0,119875.54380238736,78.27202600914232,4033.954049991869,28,50.69204379618346,5,47.87436825335686
29,1,74309.6816817534,28.205797519265477,2301.606989208821,37,40.94120718170184,43,17.409620173710135
18,1,74776.41029601912,82.43881753285416,269.2633219957994,7,81.08785810079185,17,9.39305914683211
18,0,115885.69920655587,42.95008711122752,3933.528214926325,4,83.5825927910516,29,19.476628907956847
64,1,51041.0289498793,67.08744002985557,1014.8052728585122,37,33.21910331156046,21,51.12251871378618
51,0,34361.634707081306,10.45799606963215,1300.5179660913134,1,69.36180574737952,32,6.250393176524453
49,1,66100.88049330095,62.762073142980725,831.8847036271565,1,77.11228158518865,29,59.510068328974654
65,0,57341.06891503063,45.72500019498568,1657.773173708773,47,65.46506868659546,16,32.91917103673209
42,1,58520.05565927871,59.07423785437194,3786.1900133862887,20,15.159507480009935,42,59.10589889405855
57,1,50369.00763648829,17.633406566741478,2601.7354389246475,19,87.5883083517057,31,56.40078890307267
62,0,25472.114652727047,73.95050074947403,1032.3575580120555,29,53.90945527360087,41,27.71600913844409
18,1,22323.6115153438,86.41691067677962,4390.372089978684,10,28.24724263700037,13,12.710973401715597
